4.99994E-4	19.99268	-0.1234767	0.0000000
0.01716666	20.00350	-0.1163079	0.0000000
0.03383332	20.02844	-0.1081214	0.0000000
0.05050000	20.09035	-0.1659875	0.0000000
0.06716666	20.19487	-0.2850052	0.0000000
0.08383332	20.33659	-0.3355166	0.0000000
0.1005000	20.50271	-0.3154354	0.0000000
0.1171666	20.68778	-0.2442051	0.0000000
0.1338333	20.89201	-.07270171	0.0000000
0.1505000	21.11294	0.06909900	0.0000000
0.1671667	21.36244	0.2094898	0.0000000
0.1838333	21.60728	0.3483203	0.0000000
0.2005000	21.86443	0.5138320	0.0000000
0.2171666	22.13916	0.6605224	0.0000000
0.2338333	22.41903	0.7937088	0.0000000
0.2505000	22.69533	0.8894074	0.0000000
0.2671667	22.98254	1.024429	0.0000000
0.2838333	23.27270	1.133285	0.0000000
0.3005000	23.57453	1.224776	0.0000000
0.3171667	23.87050	1.295661	0.0000000
0.3338334	24.18124	1.385352	0.0000000
0.3505000	24.48329	1.447059	0.0000000
0.3671667	24.79188	1.514075	0.0000000
0.3838334	25.10314	1.568386	0.0000000
0.4005000	25.42159	1.614429	0.0000000
0.4171667	25.73930	1.644002	0.0000000
0.4338334	26.04634	1.676308	0.0000000
0.4505000	26.34990	1.738032	0.0000000
0.4671667	26.66655	1.771782	0.0000000
0.4838333	26.99412	1.781850	0.0000000
0.5005000	27.31257	1.802496	0.0000000
0.5171667	27.64141	1.861893	0.0000000
0.5338332	27.96327	1.894769	0.0000000
0.5505000	28.27785	1.901188	0.0000000
0.5671668	28.59969	1.923720	0.0000000
0.5838332	28.91777	1.927410	0.0000000
0.6005000	29.23858	1.937898	0.0000000
0.6171668	29.57031	1.956976	0.0000000
0.6338334	29.89238	1.962267	0.0000000
0.6505000	30.20932	1.992038	0.0000000
0.6671668	30.53380	2.026503	0.0000000
0.6838334	30.86228	2.031086	0.0000000
0.7005000	31.18050	2.028705	0.0000000
0.7171668	31.52409	2.066138	0.0000000
0.7338332	31.84532	2.063932	0.0000000
0.7505000	32.17095	2.072179	0.0000000
0.7671668	32.49023	2.097305	0.0000000
0.7838332	32.82007	2.117623	0.0000000
0.8005000	33.14622	2.115947	0.0000000
0.8171668	33.48059	2.131487	0.0000000
0.8338332	33.80406	2.137290	0.0000000
0.8505000	34.11914	2.141164	0.0000000
0.8671666	34.44705	2.171580	0.0000000
0.8838332	34.78834	2.190978	0.0000000
0.9005001	35.11018	2.179960	0.0000000
0.9171668	35.43705	2.182626	0.0000000
0.9338332	35.75904	2.210232	0.0000000
0.9505000	36.08974	2.224183	0.0000000
0.9671668	36.41478	2.222734	0.0000000
0.9838332	36.74431	2.227702	0.0000000
1.000500	37.07895	2.253872	0.0000000
1.017167	37.40672	2.276670	0.0000000
1.033833	37.73429	2.290333	0.0000000
1.050500	38.06406	2.317624	0.0000000
1.067167	38.39472	2.322418	0.0000000
1.083833	38.72198	2.316413	0.0000000
1.100500	39.05486	2.317238	0.0000000
1.117166	39.38829	2.323199	0.0000000
1.133833	39.71144	2.328462	0.0000000
1.150500	40.03542	2.350358	0.0000000
1.167167	40.38194	2.394046	0.0000000
1.183833	40.71696	2.392465	0.0000000
1.200500	41.04398	2.393795	0.0000000
1.217167	41.37390	2.414561	0.0000000
1.233833	41.70420	2.424256	0.0000000
1.250500	42.02580	2.422621	0.0000000
1.267167	42.35127	2.422914	0.0000000
1.283834	42.68284	2.428761	0.0000000
1.300500	43.00958	2.429482	0.0000000
1.317167	43.33506	2.440075	0.0000000
1.333833	43.67571	2.481538	0.0000000
1.350500	44.00604	2.489958	0.0000000
1.367166	44.33450	2.510246	0.0000000
1.383833	44.66100	2.544448	0.0000000
1.400500	45.00042	2.586204	0.0000000
1.417167	45.33412	2.577904	0.0000000
1.433833	45.65992	2.574583	0.0000000
1.450500	45.98585	2.606030	0.0000000
1.467167	46.32329	2.633013	0.0000000
1.483833	46.65536	2.633721	0.0000000
1.500500	46.97946	2.634556	0.0000000
1.517167	47.29962	2.693102	0.0000000
1.533834	47.63820	2.712988	0.0000000
1.550500	47.96790	2.711946	0.0000000
1.567167	48.31046	2.734930	0.0000000
1.583833	48.63634	2.771738	0.0000000
1.600500	48.97524	2.815800	0.0000000
1.617167	49.30067	2.832383	0.0000000
1.633833	49.63160	2.861792	0.0000000
1.650500	49.96610	2.870555	0.0000000
1.667167	50.29358	2.894446	0.0000000
1.683833	50.62707	2.926506	0.0000000
1.700500	50.95992	2.968335	0.0000000
1.717167	51.27938	2.985136	0.0000000
1.733833	51.61034	3.048176	0.0000000
1.750500	51.94430	3.058496	0.0000000
1.767167	52.27010	3.107968	0.0000000
1.783833	52.61943	3.163376	0.0000000
1.800500	52.93716	3.203578	0.0000000
1.817167	53.26610	3.259589	0.0000000
1.833833	53.59406	3.327950	0.0000000
1.850500	53.92628	3.369448	0.0000000
1.867167	54.25090	3.418045	0.0000000
1.883833	54.58928	3.504279	0.0000000
1.900500	54.91306	3.574399	0.0000000
1.917167	55.22955	3.656600	0.0000000
1.933833	55.56260	3.760175	0.0000000
1.950500	55.89241	3.840917	0.0000000
1.967167	56.23087	3.948727	0.0000000
1.983833	56.55590	4.080105	0.0000000
2.000500	56.88218	4.227934	0.0000000
2.017166	57.20766	4.368743	0.0000000
2.033833	57.54068	4.525398	0.0000000
2.050500	57.86319	4.677939	0.0000000
2.067166	58.19060	4.887497	0.0000000
2.083834	58.51302	5.091598	0.0000000
2.100500	58.83242	5.333668	0.0000000
2.117167	59.15753	5.572516	0.0000000
2.133833	59.47220	5.834407	0.0000000
2.150500	59.79325	6.144918	0.0000000
2.167167	60.10736	6.456318	0.0000000
2.183833	60.42174	6.815778	0.0000000
2.200500	60.73508	7.218092	0.0000000
2.217167	61.05488	7.579050	0.0000000
2.233833	61.36380	8.029192	0.0000000
2.250500	61.67674	8.483941	0.0000000
2.267166	61.97180	8.948199	0.0000000
2.283833	62.28269	9.472363	0.0000000
2.300500	62.59184	9.977447	0.0000000
2.317166	62.88872	10.51889	0.0000000
2.333834	63.19340	11.12536	0.0000000
2.350500	63.49172	11.74923	0.0000000
2.367167	63.78758	12.38646	0.0000000
2.383833	64.07666	13.07657	0.0000000
2.400500	64.37317	13.80321	0.0000000
2.417167	64.66597	14.53751	0.0000000
2.433833	64.95262	15.32469	0.0000000
2.450500	65.24119	16.13583	0.0000000
2.467167	65.53295	16.97533	0.0000000
2.483833	65.82447	17.79307	0.0000000
2.500500	66.09955	18.66873	0.0000000
2.517166	66.38494	19.53969	0.0000000
2.533833	66.65984	20.40637	0.0000000
2.550500	66.93438	21.24043	0.0000000
2.567166	67.22116	22.05030	0.0000000
2.583834	67.49544	22.75486	0.0000000
2.600500	67.77976	23.41682	0.0000000
2.617167	68.06604	23.92646	0.0000000
2.633833	68.36304	24.20389	0.0000000
2.650500	68.66170	24.31940	0.0000000
2.667167	68.97050	24.24237	0.0000000
2.683833	69.27966	23.95163	0.0000000
2.700500	69.60542	23.51866	0.0000000
2.717167	69.93554	22.92650	0.0000000
2.733833	70.29032	22.14160	0.0000000
2.750500	70.64106	21.20694	0.0000000
2.767166	71.01319	20.02897	0.0000000
2.783833	71.39872	18.54048	0.0000000
2.800500	71.79478	16.73232	0.0000000
2.817166	72.20330	14.71321	0.0000000
2.833834	72.62850	12.65383	0.0000000
2.850500	73.05455	10.80612	0.0000000
2.867167	73.50188	9.174956	0.0000000
2.883833	73.93279	7.768794	0.0000000
2.900500	74.36362	6.791296	0.0000000
2.917167	74.78402	6.138890	0.0000000
2.933833	75.18488	5.649255	0.0000000
2.950500	75.58845	5.265245	0.0000000
2.967167	75.97460	4.954480	0.0000000
2.983833	76.35806	4.675362	0.0000000
3.000500	76.72934	4.451172	0.0000000
3.017166	77.09106	4.243049	0.0000000
3.033833	77.45670	4.067261	0.0000000
3.050500	77.81534	3.927985	0.0000000
3.067166	78.17188	3.818094	0.0000000
3.083834	78.53028	3.722872	0.0000000
3.100500	78.88303	3.636055	0.0000000
3.117167	79.23018	3.584456	0.0000000
3.133833	79.56868	3.527052	0.0000000
3.150500	79.91201	3.476754	0.0000000
3.167167	80.25024	3.417207	0.0000000
3.183833	80.59530	3.356102	0.0000000
3.200500	80.92669	3.318372	0.0000000
3.217166	81.27440	3.295306	0.0000000
3.233833	81.60371	3.262596	0.0000000
3.250500	81.94500	3.236030	0.0000000
3.267166	82.28684	3.227648	0.0000000
3.283833	82.62530	3.201443	0.0000000
3.300500	82.95520	3.197778	0.0000000
3.317166	83.29350	3.207674	0.0000000
3.333833	83.62348	3.195496	0.0000000
3.350500	83.96012	3.181875	0.0000000
3.367167	84.28968	3.180636	0.0000000
3.383833	84.63301	3.181510	0.0000000
3.400500	84.96819	3.171158	0.0000000
3.417167	85.30994	3.164076	0.0000000
3.433833	85.64157	3.156628	0.0000000
3.450500	85.98068	3.156119	0.0000000
3.467166	86.31366	3.155961	0.0000000
3.483833	86.64093	3.148256	0.0000000
3.500500	86.97586	3.141137	0.0000000
3.517166	87.31281	3.130496	0.0000000
3.533833	87.65434	3.117966	0.0000000
3.550500	87.98120	3.106478	0.0000000
3.567166	88.31022	3.112852	0.0000000
3.583833	88.64516	3.121892	0.0000000
3.600500	88.98379	3.121834	0.0000000
3.617167	89.32062	3.120732	0.0000000
3.633833	89.65936	3.119142	0.0000000
3.650500	90.00090	3.119850	0.0000000
3.667167	90.32661	3.116598	0.0000000
3.683833	90.65504	3.115409	0.0000000
3.700500	90.98481	3.115016	0.0000000
3.717166	91.31672	3.104068	0.0000000
3.733833	91.65428	3.094375	0.0000000
3.750500	91.98784	3.094369	0.0000000
3.767166	92.31750	3.093624	0.0000000
3.783833	92.65209	3.096173	0.0000000
3.800500	92.98712	3.101056	0.0000000
3.817166	93.32314	3.104648	0.0000000
3.833833	93.66303	3.122117	0.0000000
3.850500	93.99022	3.128019	0.0000000
3.867166	94.33512	3.145018	0.0000000
3.883833	94.66691	3.144981	0.0000000
3.900500	94.99438	3.142214	0.0000000
3.917167	95.32966	3.143852	0.0000000
3.933833	95.66284	3.146468	0.0000000
3.950500	95.99668	3.159926	0.0000000
3.967167	96.33608	3.172098	0.0000000
3.983833	96.65888	3.168319	0.0000000
4.000500	96.99629	3.181105	0.0000000
4.017166	97.32681	3.205066	0.0000000
4.033833	97.66548	3.199446	0.0000000
4.050500	97.99606	3.184012	0.0000000
4.067167	98.33742	3.181810	0.0000000
4.083833	98.66860	3.180440	0.0000000
4.100500	99.00931	3.181762	0.0000000
4.117166	99.34186	3.183522	0.0000000
4.133834	99.67451	3.182472	0.0000000
4.150500	100.0036	3.179975	0.0000000
4.167167	100.3442	3.179508	0.0000000
4.183834	100.6721	3.172363	0.0000000
4.200500	101.0095	3.172500	0.0000000
4.217167	101.3408	3.175414	0.0000000
4.233834	101.6730	3.195324	0.0000000
4.250500	102.0153	3.189180	0.0000000
4.267166	102.3411	3.143006	0.0000000
4.283834	102.6808	3.178342	0.0000000
4.300500	103.0100	3.183473	0.0000000
4.317167	103.3497	3.183566	0.0000000
4.333834	103.6774	3.176248	0.0000000
4.350500	104.0141	3.175888	0.0000000
4.367166	104.3488	3.176000	0.0000000
4.383834	104.6793	3.175844	0.0000000
4.400500	105.0174	3.186914	0.0000000
4.417167	105.3534	3.193003	0.0000000
4.433834	105.6848	3.195172	0.0000000
4.450500	106.0279	3.210738	0.0000000
4.467167	106.3604	3.212059	0.0000000
4.483834	106.6871	3.206739	0.0000000
4.500500	107.0252	3.191446	0.0000000
4.517166	107.3554	3.161566	0.0000000
4.533834	107.6882	3.168438	0.0000000
4.550500	108.0257	3.205619	0.0000000
4.567167	108.3486	3.163780	0.0000000
4.583834	108.6792	3.166653	0.0000000
4.600500	109.0161	3.180463	0.0000000
4.617166	109.3584	3.182022	0.0000000
4.633834	109.6947	3.192049	0.0000000
4.650500	110.0273	3.212056	0.0000000
4.667167	110.3609	3.233644	0.0000000
4.683834	110.6953	3.241578	0.0000000
4.700500	111.0324	3.250135	0.0000000
4.717167	111.3644	3.248617	0.0000000
4.733834	111.6866	3.224838	0.0000000
4.750500	112.0207	3.223546	0.0000000
4.767166	112.3610	3.224110	0.0000000
4.783834	112.6876	3.226986	0.0000000
4.800500	113.0245	3.253923	0.0000000
4.817167	113.3608	3.259067	0.0000000
4.833834	113.7010	3.259421	0.0000000
4.850500	114.0351	3.259460	0.0000000
4.867166	114.3651	3.262019	0.0000000
4.883834	114.6986	3.266828	0.0000000
4.900500	115.0325	3.269491	0.0000000
4.917167	115.3630	3.270172	0.0000000
4.933834	115.6947	3.269108	0.0000000
4.950500	116.0329	3.263696	0.0000000
4.967167	116.3670	3.262080	0.0000000
4.983834	116.6986	3.275177	0.0000000
5.000500	117.0382	3.296027	0.0000000
5.017166	117.3713	3.305758	0.0000000
5.033834	117.7064	3.310098	0.0000000
5.050500	118.0386	3.310428	0.0000000
5.067167	118.3739	3.315830	0.0000000
5.083834	118.7102	3.332502	0.0000000
5.100500	119.0405	3.335037	0.0000000
5.117166	119.3675	3.335997	0.0000000
5.133833	119.7095	3.329000	0.0000000
5.150500	120.0338	3.295502	0.0000000
5.167167	120.3728	3.305324	0.0000000
5.183833	120.7109	3.318770	0.0000000
5.200500	121.0391	3.335406	0.0000000
5.217167	121.3634	3.358912	0.0000000
5.233833	121.7046	3.374178	0.0000000
5.250500	122.0387	3.372868	0.0000000
5.267168	122.3801	3.372150	0.0000000
5.283832	122.7147	3.371468	0.0000000
5.300500	123.0461	3.371694	0.0000000
5.317168	123.3826	3.379702	0.0000000
5.333832	123.7160	3.384494	0.0000000
5.350500	124.0498	3.385556	0.0000000
5.367168	124.3814	3.379886	0.0000000
5.383832	124.7202	3.368811	0.0000000
5.400500	125.0507	3.363870	0.0000000
5.417168	125.3845	3.366237	0.0000000
5.433832	125.7232	3.383778	0.0000000
5.450500	126.0573	3.386217	0.0000000
5.467168	126.3830	3.387384	0.0000000
5.483832	126.7243	3.390891	0.0000000
-2.000000	1.000000	0.0000000	0.0000000
5.500500	127.0569	3.392206	0.0000000
5.517168	127.3581	3.390670	0.0000000
5.533832	127.6178	3.419942	0.0000000
5.550500	127.7878	3.601116	0.0000000
5.567168	127.8363	3.821334	0.0000000
5.583832	127.7922	3.889570	0.0000000
5.600500	127.6691	3.657840	0.0000000
5.617168	127.4821	3.202823	0.0000000
5.633832	127.2446	2.647949	0.0000000
5.650500	126.9546	2.038426	0.0000000
5.667168	126.6229	1.404536	0.0000000
5.683832	126.2639	0.7865695	0.0000000
5.700500	125.8713	0.1947875	0.0000000
5.717168	125.4606	-0.3420550	0.0000000
5.733832	125.0246	-0.8413031	0.0000000
5.750500	124.5662	-1.294814	0.0000000
5.767168	124.0920	-1.679855	0.0000000
5.783832	123.6118	-2.032550	0.0000000
5.800500	123.1247	-2.352446	0.0000000
5.817168	122.6214	-2.636596	0.0000000
5.833832	122.1086	-2.861225	0.0000000
5.850500	121.5833	-3.078819	0.0000000
5.867168	121.0650	-3.258158	0.0000000
5.883832	120.5369	-3.455789	0.0000000
5.900500	120.0010	-3.600837	0.0000000
5.917168	119.4651	-3.719994	0.0000000
5.933832	118.9242	-3.835460	0.0000000
5.950500	118.3802	-3.946817	0.0000000
5.967168	117.8370	-4.041531	0.0000000
5.983832	117.2898	-4.132454	0.0000000
6.000500	116.7408	-4.196654	0.0000000
6.017168	116.1910	-4.300739	0.0000000
6.033832	115.6344	-4.354028	0.0000000
6.050500	115.0773	-4.412994	0.0000000
6.067168	114.5193	-4.483834	0.0000000
6.083832	113.9606	-4.523356	0.0000000
6.100500	113.4027	-4.593322	0.0000000
6.117168	112.8381	-4.640812	0.0000000
6.133832	112.2791	-4.662644	0.0000000
6.150500	111.7166	-4.701953	0.0000000
6.167168	111.1554	-4.736539	0.0000000
6.183832	110.5943	-4.769855	0.0000000
6.200500	110.0313	-4.791742	0.0000000
6.217168	109.4764	-4.810034	0.0000000
6.233832	108.9063	-4.871586	0.0000000
6.250500	108.3389	-4.884146	0.0000000
6.267168	107.7720	-4.905954	0.0000000
6.283832	107.2106	-4.962080	0.0000000
6.300500	106.6403	-5.009024	0.0000000
6.317168	106.0745	-5.028762	0.0000000
6.333832	105.5100	-5.034074	0.0000000
6.350500	104.9337	-5.084648	0.0000000
6.367168	104.3615	-5.110832	0.0000000
6.383832	103.7939	-5.135518	0.0000000
6.400500	103.2238	-5.180059	0.0000000
6.417168	102.6565	-5.181333	0.0000000
6.433832	102.0828	-5.217930	0.0000000
6.450500	101.5171	-5.221348	0.0000000
6.467168	100.9450	-5.230993	0.0000000
6.483832	100.3677	-5.250426	0.0000000
6.500500	99.80074	-5.261039	0.0000000
6.517168	99.23321	-5.298171	0.0000000
6.533832	98.65101	-5.353710	0.0000000
6.550500	98.07659	-5.341826	0.0000000
6.567168	97.50436	-5.358000	0.0000000
6.583832	96.92970	-5.382488	0.0000000
6.600500	96.36199	-5.380176	0.0000000
6.617166	95.78469	-5.381765	0.0000000
6.633832	95.21210	-5.388562	0.0000000
6.650500	94.63410	-5.419389	0.0000000
6.667168	94.05811	-5.443134	0.0000000
6.683832	93.48412	-5.449670	0.0000000
6.700500	92.90959	-5.458204	0.0000000
6.717168	92.33732	-5.456884	0.0000000
6.733832	91.75731	-5.461978	0.0000000
6.750500	91.18824	-5.469520	0.0000000
6.767168	90.61350	-5.534728	0.0000000
6.783832	90.04376	-5.553244	0.0000000
6.800500	89.46734	-5.564601	0.0000000
6.817168	88.89164	-5.567630	0.0000000
6.833832	88.31772	-5.576437	0.0000000
6.850500	87.73650	-5.605893	0.0000000
6.867166	87.16306	-5.612330	0.0000000
6.883832	86.58946	-5.637102	0.0000000
6.900500	86.00892	-5.692318	0.0000000
6.917168	85.43164	-5.706589	0.0000000
6.933832	84.84882	-5.713990	0.0000000
6.950500	84.27082	-5.716309	0.0000000
6.967168	83.69934	-5.720648	0.0000000
6.983832	83.12431	-5.736373	0.0000000
7.000500	82.54680	-5.755772	0.0000000
7.017168	81.96624	-5.770571	0.0000000
7.033832	81.39185	-5.782169	0.0000000
7.050500	80.81274	-5.813642	0.0000000
7.067168	80.23465	-5.824356	0.0000000
7.083832	79.65582	-5.823644	0.0000000
7.100500	79.06811	-5.829079	0.0000000
7.117166	78.49147	-5.838479	0.0000000
7.133832	77.91806	-5.878356	0.0000000
7.150500	77.34584	-5.902678	0.0000000
7.167168	76.76699	-5.903630	0.0000000
7.183832	76.18910	-5.896690	0.0000000
7.200500	75.60669	-5.897430	0.0000000
7.217168	75.02416	-5.899298	0.0000000
7.233832	74.44646	-5.886075	0.0000000
7.250500	73.86770	-5.909662	0.0000000
7.267168	73.29556	-5.938139	0.0000000
7.283832	72.71326	-5.980380	0.0000000
7.300500	72.13053	-5.975926	0.0000000
7.317168	71.55920	-5.972482	0.0000000
7.333832	70.97616	-5.974390	0.0000000
7.350500	70.39901	-5.975962	0.0000000
7.367166	69.82437	-5.976674	0.0000000
7.383832	69.24607	-5.987016	0.0000000
7.400500	68.66390	-5.995338	0.0000000
7.417168	68.07974	-6.013904	0.0000000
7.433832	67.49568	-6.023433	0.0000000
7.450500	66.92030	-6.025215	0.0000000
7.467168	66.33892	-6.032816	0.0000000
7.483832	65.75890	-6.032822	0.0000000
7.500500	65.17787	-6.031608	0.0000000
7.517168	64.60814	-6.043472	0.0000000
7.533832	64.02496	-6.068799	0.0000000
7.550500	63.44761	-6.067844	0.0000000
7.567168	62.86226	-6.072440	0.0000000
7.583832	62.28730	-6.078020	0.0000000
7.600500	61.70805	-6.095536	0.0000000
7.617166	61.13061	-6.113280	0.0000000
7.633832	60.55388	-6.115481	0.0000000
7.650500	59.97294	-6.123709	0.0000000
7.667168	59.39039	-6.141350	0.0000000
7.683832	58.80365	-6.153976	0.0000000
7.700500	58.22826	-6.158899	0.0000000
7.717168	57.65372	-6.198441	0.0000000
7.733832	57.06670	-6.227250	0.0000000
7.750500	56.48943	-6.225738	0.0000000
7.767168	55.91318	-6.232582	0.0000000
7.783832	55.33630	-6.261748	0.0000000
7.800500	54.76106	-6.269547	0.0000000
7.817168	54.18042	-6.271629	0.0000000
7.833832	53.60234	-6.278670	0.0000000
7.850500	53.01370	-6.312857	0.0000000
7.867166	52.43050	-6.306250	0.0000000
7.883832	51.85489	-6.301873	0.0000000
7.900500	51.27314	-6.308832	0.0000000
7.917168	50.68606	-6.320006	0.0000000
-2.000000	1.000000	0.0000000	0.0000000
7.933832	50.11054	-6.309002	0.0000000
7.950500	49.55146	-6.285273	0.0000000
7.967168	49.04384	-6.313819	0.0000000
7.983832	48.58536	-6.480684	0.0000000
8.000500	48.21156	-6.540844	0.0000000
8.017168	47.88466	-6.491904	0.0000000
8.033832	47.58967	-6.311270	0.0000000
8.050500	47.34581	-6.055637	0.0000000
8.067166	47.12491	-5.809662	0.0000000
8.083832	46.93812	-5.524726	0.0000000
8.100500	46.77454	-5.235693	0.0000000
8.117166	46.63120	-4.947696	0.0000000
8.133832	46.49522	-4.679542	0.0000000
8.150500	46.38415	-4.398790	0.0000000
8.167168	46.28332	-4.167508	0.0000000
8.183832	46.20304	-3.949286	0.0000000
8.200500	46.12992	-3.766296	0.0000000
8.217168	46.06098	-3.606970	0.0000000
8.233832	46.00934	-3.470276	0.0000000
8.250500	45.96203	-3.376567	0.0000000
8.267168	45.91758	-3.310941	0.0000000
8.283832	45.88411	-3.276230	0.0000000
8.300500	45.85278	-3.270878	3.88938E-4
8.317166	45.82496	-3.286303	.008941970
8.333832	45.80736	-3.313002	0.03208850
8.350500	45.78176	-3.370168	0.07657756
8.367166	45.76510	-3.410828	0.1446684
8.383832	45.74787	-3.479128	0.2381621
8.400500	45.73347	-3.558626	0.3633484
8.417168	45.72526	-3.641114	0.5225074
8.433832	45.71387	-3.748614	0.7201757
8.450500	45.69883	-3.860995	0.9611884
8.467168	45.70424	-3.953456	1.243130
8.483832	45.68817	-4.100824	1.571626
8.500500	45.69426	-4.224234	1.951700
8.517168	45.68933	-4.371020	2.383282
8.533832	45.68056	-4.538466	2.873445
8.550500	45.69000	-4.702972	3.425081
8.567166	45.68724	-4.887348	4.040928
8.583832	45.68340	-5.094772	4.727966
8.600500	45.69797	-5.278124	5.485954
8.617166	45.69661	-5.521209	6.320698
8.633832	45.70143	-5.744356	7.238632
8.650500	45.69540	-5.996028	8.241206
8.667168	45.70307	-6.235316	9.330918
8.683832	45.71669	-6.490640	10.50841
8.700500	45.73441	-6.748940	11.77676
8.717168	45.74363	-7.008990	13.13681
8.733832	45.75387	-7.235051	14.58319
8.750500	45.76098	-7.472049	16.11226
8.767168	45.76126	-7.706211	17.72540
8.783832	45.77259	-7.934343	19.42101
8.800500	45.77426	-8.165864	21.19874
8.817166	45.78068	-8.374158	23.05540
8.833832	45.78940	-8.580176	24.98696
8.850500	45.80631	-8.769176	26.99008
8.867166	45.82356	-8.960196	29.06245
8.883832	45.82136	-9.136176	31.20196
8.900500	45.83361	-9.260743	33.39800
8.917168	45.82870	-9.400049	35.64436
8.933832	45.83516	-9.508947	37.93865
8.950500	45.84158	-9.585749	40.27075
8.967168	45.84996	-9.653682	42.63419
8.983832	45.83590	-9.695297	45.02298
9.000500	45.83369	-9.673996	47.42284
9.017168	45.83540	-9.649201	49.82316
9.033832	45.82544	-9.603899	52.21978
9.050500	45.81399	-9.511664	54.60193
9.067166	45.80796	-9.369800	56.95400
9.083832	45.79398	-9.222769	59.26724
9.100500	45.78429	-9.039152	61.53466
9.117166	45.77250	-8.842662	63.74836
9.133832	45.76521	-8.640087	65.90530
9.150500	45.75156	-8.441124	68.00518
9.167168	45.71619	-8.239991	70.04800
9.183832	45.70226	-7.995997	72.02659
9.200500	45.68610	-7.773944	73.93760
9.217168	45.67338	-7.558602	75.78571
9.233832	45.64942	-7.307212	77.56602
9.250500	45.62998	-7.049560	79.27176
9.267168	45.60842	-6.800518	80.90343
9.283832	45.58969	-6.554056	82.46262
9.300500	45.56536	-6.284774	83.94618
9.317166	45.54534	-6.009990	85.34949
9.333832	45.51742	-5.731070	86.67111
9.350500	45.51418	-5.439298	87.90812
9.367166	45.47490	-5.205460	89.06788
9.383832	45.45198	-4.919112	90.15128
9.400500	45.43860	-4.652908	91.15314
9.417168	45.41409	-4.430574	92.08371
9.433832	45.40922	-4.175272	92.94478
9.450500	45.38238	-3.966859	93.73864
9.467168	45.35945	-3.731521	94.46853
9.483832	45.34696	-3.509872	95.13224
9.500500	45.32539	-3.324562	95.73791
9.517168	45.30855	-3.128989	96.28976
9.533832	45.29411	-2.938442	96.78692
9.550500	45.28456	-2.742360	97.22931
9.567166	45.25708	-2.599256	97.62462
9.583832	45.25019	-2.404684	97.97312
9.600500	45.23215	-2.261438	98.27472
9.617166	45.21670	-2.132830	98.54012
9.633832	45.20555	-2.009159	98.77250
9.650500	45.19947	-1.889423	98.97330
9.667168	45.17968	-1.800081	99.14805
9.683832	45.17056	-1.697690	99.29955
9.700500	45.18156	-1.589462	99.42478
9.717168	45.17176	-1.533807	99.53128
9.733832	45.16970	-1.457279	99.62416
9.750500	45.15860	-1.382584	99.70038
9.767168	45.15268	-1.323492	99.76272
9.783832	45.14169	-1.272338	99.81500
9.800500	45.13523	-1.236094	99.86093
9.817166	45.12281	-1.183297	99.90024
9.833832	45.12131	-1.135638	99.93109
9.850500	45.11996	-1.090281	99.95465
9.867166	45.11459	-1.057696	99.97338
9.883832	45.11481	-1.004527	99.98602
9.900500	45.11918	-0.9652996	99.99151
9.917168	45.10658	-0.9529054	99.99642
9.933832	45.09668	-0.9089962	100.0000
9.950500	45.09808	-0.8673024	0.0000000
9.967168	45.09910	-0.8509778	0.0000000
9.983832	45.08864	-0.8420129	0.0000000
10.00050	45.09092	-0.7933936	0.0000000
10.01717	45.08041	-0.7763663	0.0000000
10.03383	45.08164	-0.7460136	0.0000000
10.05050	45.07848	-0.7247220	0.0000000
10.06717	45.06888	-0.7162929	0.0000000
10.08383	45.07028	-0.6800219	0.0000000
10.10050	45.06680	-0.6679322	0.0000000
10.11717	45.05024	-0.6626157	0.0000000
10.13383	45.05861	-0.6218218	0.0000000
10.15050	45.05640	-0.6110334	0.0000000
10.16717	45.06094	-0.5976443	0.0000000
10.18383	45.06628	-0.5731042	0.0000000
10.20050	45.06601	-0.5570078	0.0000000
10.21717	45.05223	-0.5503132	0.0000000
10.23383	45.04552	-0.5371434	0.0000000
10.25050	45.04703	-0.5169238	0.0000000
10.26717	45.04022	-0.5189640	0.0000000
10.28383	45.04722	-0.5099616	0.0000000
10.30050	45.05713	-0.4856794	0.0000000
10.31717	45.05713	-0.4749100	0.0000000
10.33383	45.05777	-0.4615096	0.0000000
10.35050	45.05414	-0.4424472	0.0000000
10.36717	45.04966	-0.4309018	0.0000000
10.38383	45.03515	-0.4194230	0.0000000
10.40050	45.03878	-0.4128796	0.0000000
10.41717	45.03598	-0.4060823	0.0000000
10.43383	45.03740	-0.4022388	0.0000000
10.45050	45.04818	-0.3730200	0.0000000
10.46717	45.03546	-0.3663036	0.0000000
10.48383	45.03374	-0.3556683	0.0000000
10.50050	45.03222	-0.3370642	0.0000000
10.51717	45.02648	-0.3339522	0.0000000
10.53383	45.03469	-0.3266926	0.0000000
10.55050	45.03269	-0.3222074	0.0000000
10.56716	45.02346	-0.3204645	0.0000000
10.58383	45.02833	-0.2999644	0.0000000
10.60050	45.02680	-0.2879750	0.0000000
10.61716	45.02354	-0.2876594	0.0000000
10.63383	45.01614	-0.2865166	0.0000000
10.65050	45.01960	-0.2752350	0.0000000
10.66717	45.02152	-0.2650795	0.0000000
10.68383	45.01367	-0.2634060	0.0000000
10.70050	45.01590	-0.2560364	0.0000000
10.71717	45.02192	-0.2433333	0.0000000
10.73383	45.01302	-0.2394980	0.0000000
10.75050	45.01744	-0.2316753	0.0000000
10.76717	45.00793	-0.2257916	0.0000000
10.78383	45.01356	-0.2199816	0.0000000
10.80050	45.01532	-0.2163956	0.0000000
10.81716	45.01178	-0.2142344	0.0000000
10.83383	45.01287	-0.2104642	0.0000000
10.85050	45.01562	-0.2026523	0.0000000
10.86716	45.01296	-0.1988890	0.0000000
10.88383	45.01370	-0.1961127	0.0000000
10.90050	45.00943	-0.1941389	0.0000000
10.91717	45.01350	-0.1886230	0.0000000
10.93383	45.01949	-0.1838139	0.0000000
10.95050	45.01374	-0.1826731	0.0000000
10.96717	45.01109	-0.1812908	0.0000000
10.98383	44.99860	-0.1802473	0.0000000
11.00050	45.00164	-0.1768970	0.0000000
11.01717	45.00712	-0.1696519	0.0000000
11.03383	45.00581	-0.1705402	0.0000000
11.05050	45.01032	-0.1689587	0.0000000
11.06716	45.00766	-0.1669466	0.0000000
11.08383	45.00534	-0.1642699	0.0000000
11.10050	45.00256	-0.1601953	0.0000000
11.11716	45.00210	-0.1594781	0.0000000
11.13383	45.00288	-0.1584670	0.0000000
11.15050	45.00602	-0.1567625	0.0000000
11.16717	45.00628	-0.1549562	0.0000000
11.18383	45.01047	-0.1512300	0.0000000
11.20050	45.00429	-0.1503140	0.0000000
11.21717	44.99687	-0.1496263	0.0000000
11.23383	44.99533	-0.1483651	0.0000000
11.25050	44.99660	-0.1474672	0.0000000
11.26717	45.00224	-0.1466224	0.0000000
11.28383	45.00881	-0.1451794	0.0000000
11.30050	45.00225	-0.1443704	0.0000000
11.31716	45.00356	-0.1409212	0.0000000
11.33383	45.00207	-0.1375646	0.0000000
11.35050	45.00149	-0.1358264	0.0000000
11.36716	44.99598	-0.1354161	0.0000000
11.38383	45.00439	-0.1337561	0.0000000
11.40050	45.00390	-0.1313154	0.0000000
11.41717	45.00167	-0.1310172	0.0000000
11.43383	45.00186	-0.1300524	0.0000000
11.45050	45.00208	-0.1289506	0.0000000
11.46717	44.99900	-0.1283903	0.0000000
11.48383	44.99762	-0.1276861	0.0000000
11.50050	44.99092	-0.1273921	0.0000000
11.51717	44.98912	-0.1270453	0.0000000
11.53383	44.99362	-0.1255936	0.0000000
11.55050	44.99493	-0.1248167	0.0000000
11.56716	44.99770	-0.1242146	0.0000000
11.58383	44.99200	-0.1234749	0.0000000
11.60050	44.98443	-0.1226101	0.0000000
11.61716	44.98814	-0.1183756	0.0000000
11.63383	44.99253	-0.1172853	0.0000000
11.65050	45.00390	-0.1154842	0.0000000
11.66717	44.99390	-0.1154627	0.0000000
11.68383	44.99838	-0.1116148	0.0000000
11.70050	44.99576	-0.1035139	0.0000000
11.71717	45.00130	-0.1023142	0.0000000
11.73383	44.99726	-0.1028227	0.0000000
11.75050	44.99798	-0.1032003	0.0000000
11.76717	44.99207	-0.1029546	0.0000000
11.78383	44.99974	-0.1013740	0.0000000
11.80050	44.99568	-0.1008156	0.0000000
11.81716	44.99490	-0.1013490	0.0000000
11.83383	44.99085	-0.1014678	0.0000000
11.85050	44.98502	-0.1015270	0.0000000
11.86716	44.98665	-0.1014213	0.0000000
11.88383	44.98760	-0.1014323	0.0000000
11.90050	44.99118	-0.1012250	0.0000000
11.91717	44.99756	-.09983191	0.0000000
11.93383	45.00421	-.09755207	0.0000000
11.95050	44.99550	-.09666059	0.0000000
11.96717	45.00056	-.09392676	0.0000000
11.98383	44.99133	-.09051736	0.0000000
12.00050	44.99454	-.09078934	0.0000000
12.01717	44.98902	-.09157991	0.0000000
12.03383	44.99220	-.09206699	0.0000000
12.05050	45.00367	-.08852400	0.0000000
12.06716	44.99381	-.08971619	0.0000000
12.08383	44.99350	-.09009628	0.0000000
12.10050	44.98534	-.08901056	0.0000000
12.11716	44.98662	-.08914155	0.0000000
12.13383	44.98628	-.08951059	0.0000000
12.15050	44.99203	-.08986762	0.0000000
12.16717	44.99257	-.08978855	0.0000000
12.18383	44.99292	-.08945001	0.0000000
12.20050	44.99818	-.08606759	0.0000000
12.21717	44.99560	-.08568188	0.0000000
12.23383	44.99484	-.08527805	0.0000000
12.25050	44.99022	-.08522274	0.0000000
12.26717	44.99722	-.08290268	0.0000000
12.28383	44.99844	-.08257226	0.0000000
12.30050	44.99544	-.08290581	0.0000000
12.31716	44.99410	-.08315010	0.0000000
12.33383	44.99674	-.08253492	0.0000000
12.35050	44.99758	-.08238222	0.0000000
12.36716	44.98790	-.08499457	0.0000000
12.38383	44.99098	-.08508850	0.0000000
12.40050	44.98720	-.08498486	0.0000000
12.41717	44.97986	-.08688949	0.0000000
12.43383	44.98585	-.08688599	0.0000000
12.45050	44.98570	-.08674222	0.0000000
12.46717	44.99295	-.08623534	0.0000000
12.48383	44.99339	-.08529293	0.0000000
12.50050	44.98530	-.08446459	0.0000000
12.51717	44.99676	-.07664337	0.0000000
12.53383	44.98670	-.07649036	0.0000000
12.55050	44.98678	-.07709472	0.0000000
12.56716	44.99760	-.07189907	0.0000000
12.58383	44.99690	-.07136197	0.0000000
12.60050	44.99322	-.07168784	0.0000000
12.61716	44.98740	-.07244282	0.0000000
12.63383	44.98808	-.07191253	0.0000000
12.65050	44.98434	-.07279150	0.0000000
12.66717	44.98910	-.07294001	0.0000000
12.68383	44.99007	-.07327403	0.0000000
12.70050	44.98687	-.07408825	0.0000000
12.71717	44.98386	-.07438692	0.0000000
12.73383	44.99015	-.07115353	0.0000000
12.75050	44.98766	-.06896930	0.0000000
12.76717	44.99602	-.06956452	0.0000000
12.78383	44.99404	-.06947693	0.0000000
12.80050	44.99571	-.06811389	0.0000000
12.81716	44.99524	-.06807810	0.0000000
12.83383	44.99100	-.06834400	0.0000000
12.85050	44.98828	-.06909210	0.0000000
12.86716	44.98716	-.06936260	0.0000000
12.88383	44.99309	-.06946081	0.0000000
12.90050	44.99078	-.07118682	0.0000000
12.91716	44.98779	-.07334962	0.0000000
12.93383	44.98434	-.07346252	0.0000000
12.95050	44.98816	-.07229974	0.0000000
12.96716	44.98765	-.07225361	0.0000000
12.98383	44.98892	-.07258738	0.0000000
13.00050	44.98804	-.07254090	0.0000000
13.01717	44.99180	-.07188462	0.0000000
13.03383	44.98846	-.07160204	0.0000000
13.05050	44.99526	-.07106732	0.0000000
13.06716	44.98553	-.07130210	0.0000000
13.08383	44.99273	-.07077935	0.0000000
13.10050	44.98778	-.07047269	0.0000000
13.11716	44.99476	-.06982261	0.0000000
13.13383	44.99037	-.07029950	0.0000000
13.15050	44.98716	-.07073819	0.0000000
13.16716	44.98481	-.07055634	0.0000000
13.18383	44.98754	-.07016143	0.0000000
13.20050	44.98806	-.07015424	0.0000000
13.21716	44.98881	-.07026100	0.0000000
13.23383	44.99296	-.06993384	0.0000000
13.25050	44.99537	-.06900169	0.0000000
13.26717	44.99513	-.06852825	0.0000000
13.28383	44.99131	-.06827636	0.0000000
13.30050	44.98947	-.06802912	0.0000000
13.31716	44.98506	-.06776768	0.0000000
13.33383	44.99166	-.06779563	0.0000000
13.35050	44.99175	-.06820332	0.0000000
13.36716	44.98772	-.06924934	0.0000000
13.38383	44.98412	-.06942363	0.0000000
13.40050	44.98868	-.06831180	0.0000000
13.41716	44.98892	-.06787830	0.0000000
13.43383	44.99128	-.06793635	0.0000000
13.45050	44.99106	-.06791194	0.0000000
13.46716	44.98298	-.06808772	0.0000000
13.48383	44.98267	-.06758462	0.0000000
13.50050	44.99101	-.06592328	0.0000000
13.51717	44.98346	-.06720855	0.0000000
13.53383	44.98770	-.06777626	0.0000000
13.55050	44.98838	-.06734502	0.0000000
13.56716	44.98426	-.06684399	0.0000000
13.58383	44.98516	-.06670180	0.0000000
13.60050	44.98980	-.06574720	0.0000000
13.61716	44.99192	-.06528168	0.0000000
13.63383	44.98694	-.06518668	0.0000000
13.65050	44.98896	-.06478331	0.0000000
13.66716	44.98652	-.06439480	0.0000000
13.68383	44.98270	-.06442144	0.0000000
13.70050	44.98610	-.06413008	0.0000000
13.71716	44.98520	-.06382579	0.0000000
13.73383	44.98193	-.06413254	0.0000000
13.75050	44.97971	-.06427996	0.0000000
13.76717	44.98218	-.06330694	0.0000000
13.78383	44.98780	-.06277671	0.0000000
13.80050	44.99419	-.06199203	0.0000000
13.81716	44.99454	-.06160046	0.0000000
13.83383	44.99004	-.06112064	0.0000000
13.85050	44.98783	-.05974792	0.0000000
13.86716	44.99109	-.05903364	0.0000000
13.88383	44.99083	-.05912359	0.0000000
13.90050	44.98407	-.06136502	0.0000000
13.91716	44.98428	-.06190899	0.0000000
13.93383	44.98820	-.06043242	0.0000000
13.95050	44.98403	-.06142436	0.0000000
13.96716	44.97863	-.06238144	0.0000000
13.98383	44.98486	-.05957764	0.0000000
14.00050	44.98236	-.05962144	0.0000000
14.01717	44.97398	-.06045463	0.0000000
14.03383	44.98049	-.05984579	0.0000000
14.05050	44.98650	-.05802937	0.0000000
14.06716	44.98175	-.05855158	0.0000000
14.08383	44.98300	-.05702538	0.0000000
14.10050	44.98383	-.05255140	0.0000000
14.11716	44.97956	-.05271316	0.0000000
14.13383	44.98878	-.05127202	0.0000000
14.15050	44.99188	-.05114464	0.0000000
14.16716	44.98760	-.05188699	0.0000000
14.18383	44.99072	-.05109334	0.0000000
14.20050	44.99042	-.05006650	0.0000000
14.21716	44.98787	-.05080537	0.0000000
14.23383	44.98766	-.05103211	0.0000000
14.25050	44.98538	-.05185680	0.0000000
14.26717	44.99283	-.05140457	0.0000000
14.28383	44.98937	-.05239607	0.0000000
14.30050	44.99457	-.05464963	0.0000000
14.31716	44.98874	-.05462038	0.0000000
14.33383	44.99348	-.05312084	0.0000000
14.35050	44.98964	-.05344434	0.0000000
14.36716	44.98726	-.05407558	0.0000000
14.38383	44.98700	-.05438711	0.0000000
14.40050	44.98847	-.05490548	0.0000000
14.41716	44.98756	-.05490665	0.0000000
14.43383	44.98140	-.05576619	0.0000000
14.45050	44.98118	-.05618213	0.0000000
14.46716	44.98116	-.05570728	0.0000000
14.48383	44.98318	-.05576797	0.0000000
14.50050	44.98305	-.05660756	0.0000000
14.51717	44.98402	-.05658419	0.0000000
14.53383	44.98658	-.05552426	0.0000000
14.55050	44.98609	-.05524891	0.0000000
14.56716	44.98328	-.05513591	0.0000000
14.58383	44.98550	-.05290610	0.0000000
14.60050	44.98336	-.05403940	0.0000000
14.61716	44.98722	-.05171522	0.0000000
14.63383	44.98789	-.05230717	0.0000000
14.65050	44.99368	-.05148426	0.0000000
14.66716	44.99598	-.05095906	0.0000000
14.68383	44.98519	-.05173752	0.0000000
14.70050	44.98938	-.05109830	0.0000000
14.71716	44.97780	-.05261114	0.0000000
14.73383	44.98130	-.05287902	0.0000000
14.75050	44.97859	-.05366342	0.0000000
14.76717	44.98133	-.05421802	0.0000000
14.78383	44.98636	-.05338301	0.0000000
14.80050	44.99179	-.05180728	0.0000000
14.81716	44.98310	-.05149231	0.0000000
14.83383	44.98528	-.05086010	0.0000000
14.85050	44.99102	-.04731056	0.0000000
14.86716	44.99109	-.04744932	0.0000000
14.88383	44.98652	-.04827084	0.0000000
14.90050	44.99167	-.04746728	0.0000000
14.91716	44.99070	-.04654498	0.0000000
14.93383	44.98826	-.04803640	0.0000000
14.95050	44.98881	-.04929482	0.0000000
14.96716	44.98481	-.04981750	0.0000000
14.98383	44.98601	-.05057848	0.0000000
15.00050	44.98291	-.05103166	0.0000000
15.01717	44.97960	-.05207386	0.0000000
15.03383	44.98384	-.05252768	0.0000000
15.05050	44.98443	-.05219211	0.0000000
15.06716	44.98064	-.05537542	0.0000000
15.08383	44.97957	-.05519250	0.0000000
15.10050	44.98306	-.05412187	0.0000000
15.11716	44.98736	-.05341503	0.0000000
15.13383	44.98730	-.05245808	0.0000000
15.15050	44.98237	-.05362820	0.0000000
15.16716	44.98616	-.05171813	0.0000000
15.18383	44.99024	-.05066752	0.0000000
15.20050	44.98453	-.05310858	0.0000000
15.21716	44.98650	-.05308524	0.0000000
15.23383	44.98257	-.05237648	0.0000000
15.25050	44.98572	-.04994309	0.0000000
15.26717	44.98653	-.05005170	0.0000000
15.28383	44.99262	-.04992567	0.0000000
15.30050	44.99104	-.04964910	0.0000000
15.31716	44.98916	-.04988113	0.0000000
15.33383	44.98966	-.04854891	0.0000000
15.35050	44.98960	-.04869988	0.0000000
15.36716	44.98796	-.04872024	0.0000000
15.38383	44.98442	-.04934206	0.0000000
15.40050	44.99028	-.04916563	0.0000000
15.41716	44.98448	-.04947779	0.0000000
15.43383	44.98410	-.05061478	0.0000000
15.45050	44.98264	-.05083980	0.0000000
15.46716	44.98218	-.05098898	0.0000000
15.48383	44.98471	-.05116338	0.0000000
15.50050	44.98704	-.05101743	0.0000000
15.51717	44.98453	-.05140730	0.0000000
15.53383	44.98477	-.05123724	0.0000000
15.55050	44.98412	-.05089872	0.0000000
15.56716	44.98365	-.05073152	0.0000000
15.58383	44.98306	-.05093048	0.0000000
15.60050	44.97969	-.05147007	0.0000000
15.61716	44.97940	-.05122921	0.0000000
15.63383	44.98697	-.05060863	0.0000000
15.65050	44.98393	-.05057530	0.0000000
15.66716	44.97894	-.05097433	0.0000000
15.68383	44.99076	-.04275282	0.0000000
15.70050	44.98858	-.04045150	0.0000000
15.71716	44.98889	-.04097199	0.0000000
15.73383	44.98740	-.04141976	0.0000000
15.75050	44.98914	-.04125180	0.0000000
15.76717	44.98630	-.04140266	0.0000000
15.78383	44.98830	-.04206131	0.0000000
15.80050	44.99046	-.04243098	0.0000000
15.81716	44.98428	-.04364070	0.0000000
15.83383	44.98680	-.04386553	0.0000000
15.85050	44.98437	-.04434488	0.0000000
15.86717	44.98298	-.04530582	0.0000000
15.88383	44.98409	-.04582123	0.0000000
15.90050	44.98437	-.04637985	0.0000000
15.91716	44.98801	-.04664600	0.0000000
15.93383	44.98442	-.04639966	0.0000000
15.95050	44.98070	-.04715881	0.0000000
15.96716	44.98266	-.04716590	0.0000000
15.98384	44.98429	-.04712447	0.0000000
16.00050	44.97920	-.04827697	0.0000000
16.01716	44.99048	-.04711570	0.0000000
16.03383	44.98590	-.04663997	0.0000000
16.05050	44.98367	-.04786804	0.0000000
16.06716	44.98366	-.04679078	0.0000000
16.08383	44.98795	-.04642266	0.0000000
16.10050	44.98950	-.04619816	0.0000000
16.11716	44.97720	-.04986922	0.0000000
16.13383	44.98370	-.04905010	0.0000000
16.15050	44.98578	-.04623588	0.0000000
16.16716	44.98268	-.04785830	0.0000000
16.18383	44.98588	-.04798681	0.0000000
16.20050	44.98402	-.04786446	0.0000000
16.21716	44.98552	-.04732298	0.0000000
16.23383	44.98414	-.04725346	0.0000000
16.25050	44.98266	-.04677324	0.0000000
16.26716	44.97864	-.04696130	0.0000000
16.28383	44.98070	-.04657216	0.0000000
16.30050	44.99068	-.04406044	0.0000000
16.31716	44.99209	-.04420547	0.0000000
16.33383	44.98754	-.04477031	0.0000000
16.35050	44.98600	-.04437114	0.0000000
16.36716	44.98406	-.04381500	0.0000000
16.38383	44.98418	-.04380646	0.0000000
16.40050	44.98347	-.04460197	0.0000000
16.41716	44.98463	-.04514702	0.0000000
16.43383	44.98111	-.04575964	0.0000000
16.45050	44.97961	-.04599488	0.0000000
16.46716	44.97889	-.04610169	0.0000000
16.48383	44.98156	-.04611312	0.0000000
16.50050	44.98534	-.04608604	0.0000000
16.51716	44.98526	-.04598364	0.0000000
16.53383	44.98240	-.04556072	0.0000000
16.55050	44.98400	-.04517310	0.0000000
16.56716	44.97426	-.04566061	0.0000000
16.58383	44.97652	-.04592976	0.0000000
16.60050	44.98479	-.04522980	0.0000000
16.61716	44.98789	-.04520343	0.0000000
16.63383	44.98719	-.04533598	0.0000000
16.65050	44.99153	-.04320263	0.0000000
16.66716	44.98744	-.04266367	0.0000000
16.68383	44.98425	-.04361885	0.0000000
16.70050	44.98240	-.04576743	0.0000000
16.71716	44.97712	-.04602098	0.0000000
16.73383	44.98344	-.04581422	0.0000000
16.75050	44.98053	-.04690578	0.0000000
16.76716	44.98360	-.04739191	0.0000000
16.78383	44.98630	-.04685559	0.0000000
16.80050	44.99139	-.04519084	0.0000000
16.81716	44.99112	-.04487259	0.0000000
16.83383	44.98476	-.04493921	0.0000000
16.85050	44.97650	-.04547648	0.0000000
16.86716	44.98328	-.04440489	0.0000000
16.88383	44.98207	-.04475235	0.0000000
16.90050	44.98554	-.04512890	0.0000000
16.91716	44.98576	-.04533428	0.0000000
16.93383	44.97968	-.04561364	0.0000000
16.95050	44.98014	-.04486218	0.0000000
16.96716	44.98169	-.04475084	0.0000000
16.98383	44.98388	-.04451848	0.0000000
17.00050	44.98850	-.04442486	0.0000000
17.01716	44.98492	-.04458430	0.0000000
17.03383	44.98512	-.04437876	0.0000000
17.05050	44.97930	-.04433436	0.0000000
17.06716	44.98331	-.04372799	0.0000000
17.08383	44.98198	-.04387766	0.0000000
17.10050	44.98306	-.04420329	0.0000000
17.11716	44.98142	-.04429402	0.0000000
17.13383	44.97988	-.04431206	0.0000000
17.15050	44.98104	-.04411834	0.0000000
17.16716	44.98130	-.04381038	0.0000000
17.18383	44.97690	-.04449384	0.0000000
17.20050	44.98278	-.04422193	0.0000000
17.21716	44.98309	-.04380583	0.0000000
17.23383	44.98539	-.04354592	0.0000000
17.25050	44.97824	-.04380019	0.0000000
17.26716	44.98656	-.04191704	0.0000000
17.28383	44.98217	-.04034300	0.0000000
17.30050	44.98548	-.04030772	0.0000000
17.31716	44.98574	-.04040202	0.0000000
17.33383	44.99066	-.03979360	0.0000000
17.35050	44.98852	-.03964722	0.0000000
17.36716	44.99104	-.03950470	0.0000000
17.38383	44.99449	-.03919600	0.0000000
17.40050	44.98672	-.04043028	0.0000000
17.41716	44.98054	-.04157802	0.0000000
17.43383	44.98533	-.04097605	0.0000000
17.45050	44.98324	-.04112628	0.0000000
17.46716	44.98676	-.04241366	0.0000000
17.48383	44.99313	-.04246566	0.0000000
17.50050	44.98716	-.04303766	0.0000000
17.51716	44.98897	-.04353958	0.0000000
17.53383	44.98398	-.04212193	0.0000000
17.55050	44.98578	-.04243969	0.0000000
17.56716	44.98066	-.04309658	0.0000000
17.58383	44.96922	-.04664091	0.0000000
17.60050	44.98787	-.04119116	0.0000000
17.61716	44.98734	-.03977840	0.0000000
17.63383	44.98890	-.04193282	0.0000000
17.65050	44.98900	-.04138713	0.0000000
17.66716	44.97867	-.04159082	0.0000000
17.68383	44.98906	-.03615737	0.0000000
17.70050	44.98328	-.03767340	0.0000000
17.71716	44.98354	-.03944638	0.0000000
17.73383	44.99063	-.03905548	0.0000000
17.75050	44.98648	-.03864200	0.0000000
17.76716	44.98954	-.03898286	0.0000000
17.78383	44.98306	-.03939972	0.0000000
17.80050	44.98324	-.03980216	0.0000000
17.81716	44.98710	-.03976395	0.0000000
17.83383	44.98731	-.03997507	0.0000000
17.85050	44.98355	-.04151988	0.0000000
17.86716	44.99370	-.03973187	0.0000000
17.88383	44.98310	-.04070713	0.0000000
17.90050	44.98190	-.04144004	0.0000000
17.91716	44.98458	-.04108916	0.0000000
17.93383	44.98022	-.04157204	0.0000000
17.95050	44.97587	-.04373724	0.0000000
17.96716	44.97738	-.04405152	0.0000000
17.98383	44.98122	-.04393228	0.0000000
18.00050	44.98700	-.04380865	0.0000000
18.01716	44.98844	-.04370915	0.0000000
18.03383	44.98604	-.04322847	0.0000000
18.05050	44.98476	-.04278300	0.0000000
18.06716	44.98750	-.04172180	0.0000000
18.08383	44.98562	-.04152950	0.0000000
18.10050	44.98489	-.04181532	0.0000000
18.11716	44.98360	-.04189146	0.0000000
18.13383	44.98051	-.04194672	0.0000000
18.15050	44.98300	-.04212396	0.0000000
18.16716	44.98428	-.04189890	0.0000000
18.18383	44.98140	-.04277370	0.0000000
18.20050	44.98296	-.04277334	0.0000000
18.21716	44.97979	-.04269818	0.0000000
18.23383	44.98354	-.04201847	0.0000000
18.25050	44.98242	-.04203750	0.0000000
18.26716	44.98144	-.04274898	0.0000000
18.28383	44.98930	-.03824495	0.0000000
18.30050	44.98176	-.03869302	0.0000000
18.31716	44.98417	-.03892357	0.0000000
18.33383	44.97782	-.03914199	0.0000000
18.35050	44.98525	-.03842949	0.0000000
18.36716	44.98734	-.03815870	0.0000000
18.38383	44.98627	-.03847487	0.0000000
18.40050	44.98237	-.03892697	0.0000000
18.41716	44.99176	-.03682540	0.0000000
18.43383	44.98785	-.03709428	0.0000000
18.45050	44.98252	-.03888301	0.0000000
18.46716	44.98132	-.03926926	0.0000000
18.48383	44.98484	-.03843934	0.0000000
18.50050	44.98238	-.03938590	0.0000000
18.51716	44.98503	-.04125936	0.0000000
18.53383	44.97660	-.04170451	0.0000000
18.55050	44.98734	-.03948419	0.0000000
18.56716	44.98632	-.03865834	0.0000000
18.58383	44.98846	-.03900169	0.0000000
18.60050	44.99297	-.03808137	0.0000000
18.61716	44.99040	-.03748398	0.0000000
18.63383	44.98058	-.03831076	0.0000000
18.65050	44.97540	-.03986917	0.0000000
18.66716	44.98031	-.03927672	0.0000000
18.68383	44.98222	-.04066829	0.0000000
18.70050	44.97882	-.04639766	0.0000000
18.71716	44.98282	-.04565119	0.0000000
18.73383	44.98498	-.04340378	0.0000000
18.75050	44.97670	-.04426369	0.0000000
18.76716	44.98398	-.04181450	0.0000000
18.78383	44.98403	-.03892186	0.0000000
18.80050	44.98589	-.03905713	0.0000000
18.81716	44.98578	-.03926116	0.0000000
18.83383	44.98250	-.03917239	0.0000000
18.85050	44.98056	-.03903507	0.0000000
18.86716	44.98984	-.03729053	0.0000000
18.88383	44.97758	-.04151206	0.0000000
18.90050	44.98906	-.03858480	0.0000000
18.91716	44.98592	-.03698540	0.0000000
18.93383	44.98342	-.03739760	0.0000000
18.95050	44.98446	-.03766016	0.0000000
18.96716	44.98774	-.03717235	0.0000000
18.98383	44.98617	-.03749783	0.0000000
19.00050	44.98826	-.03812381	0.0000000
19.01716	44.98211	-.03894075	0.0000000
19.03383	44.98076	-.03840870	0.0000000
19.05050	44.98074	-.03886525	0.0000000
19.06716	44.98192	-.04035888	0.0000000
19.08383	44.98540	-.04047508	0.0000000
19.10050	44.98124	-.04180022	0.0000000
19.11716	44.98186	-.04047969	0.0000000
19.13383	44.98543	-.03987622	0.0000000
19.15050	44.98324	-.03969300	0.0000000
19.16716	44.98417	-.04155770	0.0000000
19.18383	44.98074	-.04120385	0.0000000
19.20050	44.98612	-.04035984	0.0000000
19.21716	44.98700	-.03997100	0.0000000
19.23383	44.99106	-.03966920	0.0000000
19.25050	44.98574	-.03963834	0.0000000
19.26716	44.98463	-.03935455	0.0000000
19.28383	44.98855	-.03776526	0.0000000
19.30050	44.99358	-.03742137	0.0000000
19.31716	44.98311	-.04031410	0.0000000
19.33383	44.98518	-.04086564	0.0000000
19.35050	44.98196	-.04053971	0.0000000
19.36716	44.98086	-.04100745	0.0000000
19.38383	44.98252	-.04164639	0.0000000
19.40050	44.97990	-.04210242	0.0000000
19.41716	44.97726	-.04224384	0.0000000
19.43383	44.99024	-.03914795	0.0000000
19.45050	44.98926	-.03904006	0.0000000
19.46716	44.98776	-.03929268	0.0000000
19.48383	44.98340	-.03920894	0.0000000
19.50050	44.98183	-.03891510	0.0000000
19.51716	44.97557	-.04048698	0.0000000
19.53383	44.98791	-.03947752	0.0000000
19.55050	44.98766	-.04094732	0.0000000
19.56716	44.98852	-.04114666	0.0000000
19.58383	44.98706	-.04090433	0.0000000
19.60050	44.98253	-.04019500	0.0000000
19.61716	44.99236	-.03797630	0.0000000
19.63383	44.98434	-.04060017	0.0000000
19.65050	44.99910	-.03894343	0.0000000
19.66716	44.98810	-.03894725	0.0000000
19.68383	44.97734	-.04125389	0.0000000
19.70050	44.97977	-.03947616	0.0000000
19.71716	44.97774	-.03908486	0.0000000
19.73383	44.98628	-.04161863	0.0000000
19.75050	44.98034	-.04964180	0.0000000
19.76716	44.97858	-.04913554	0.0000000
19.78383	44.97656	-.04742456	0.0000000
19.80050	44.98068	-.04665761	0.0000000
19.81716	44.98643	-.04557898	0.0000000
19.83383	44.98490	-.04535875	0.0000000
19.85050	44.98482	-.04494123	0.0000000
19.86716	44.98828	-.04274312	0.0000000
19.88383	44.98474	-.04141269	0.0000000
19.90050	44.98270	-.04125785	0.0000000
19.91716	44.98566	-.04078540	0.0000000
19.93383	44.98806	-.04050522	0.0000000
19.95050	44.98800	-.04028262	0.0000000
19.96716	44.98988	-.04015868	0.0000000
19.98383	44.97964	-.04142197	0.0000000
20.00050	44.98222	-.04133862	0.0000000
20.01716	44.98820	-.04082844	0.0000000
20.03383	44.98450	-.04167360	0.0000000
20.05050	44.98728	-.04190822	0.0000000
20.06716	44.98948	-.04141130	0.0000000
20.08383	44.98426	-.04141074	0.0000000
20.10050	44.98306	-.04149269	0.0000000
20.11716	44.98684	-.04097066	0.0000000
20.13383	44.99015	-.03937613	0.0000000
20.15050	44.98507	-.04151556	0.0000000
20.16716	44.97352	-.04324161	0.0000000
20.18383	44.97932	-.04196572	0.0000000
20.20050	44.98476	-.04118054	0.0000000
20.21716	44.99114	-.04157753	0.0000000
20.23383	44.98608	-.04407074	0.0000000
20.25050	44.98391	-.04281132	0.0000000
20.26716	44.98199	-.04198540	0.0000000
20.28383	44.98564	-.04095044	0.0000000
20.30050	44.98796	-.04051544	0.0000000
20.31716	44.98425	-.04204068	0.0000000
20.33383	44.98408	-.04199490	0.0000000
20.35050	44.98739	-.04122463	0.0000000
20.36716	44.98817	-.04095416	0.0000000
20.38383	44.98738	-.04093013	0.0000000
20.40050	44.98766	-.04092781	0.0000000
20.41716	44.98809	-.04053663	0.0000000
20.43383	44.97766	-.04162578	0.0000000
20.45050	44.97970	-.04188972	0.0000000
20.46716	44.97726	-.04211013	0.0000000
20.48383	44.98117	-.04244694	0.0000000
20.50050	44.98242	-.04263059	0.0000000
20.51716	44.98574	-.04206484	0.0000000
20.53383	44.98334	-.04207674	0.0000000
20.55050	44.98191	-.04134192	0.0000000
20.56716	44.98398	-.04090297	0.0000000
20.58383	44.98489	-.04034538	0.0000000
20.60050	44.97985	-.04092694	0.0000000
20.61716	44.98130	-.04114581	0.0000000
20.63383	44.98232	-.04063254	0.0000000
20.65050	44.98412	-.04039842	0.0000000
20.66716	44.98692	-.04023094	0.0000000
20.68383	44.98608	-.04001141	0.0000000
20.70050	44.98400	-.03992438	0.0000000
20.71716	44.97784	-.03977210	0.0000000
20.73383	44.97854	-.03969316	0.0000000
20.75050	44.98022	-.03981691	0.0000000
20.76716	44.97863	-.04045922	0.0000000
20.78383	44.98274	-.03949855	0.0000000
20.80050	44.98103	-.03975387	0.0000000
20.81716	44.97864	-.03982485	0.0000000
20.83383	44.98320	-.03810160	0.0000000
20.85050	44.98520	-.03583100	0.0000000
20.86716	44.97974	-.03643518	0.0000000
20.88383	44.98450	-.03612795	0.0000000
20.90050	44.98530	-.03552876	0.0000000
20.91716	44.98743	-.03543896	0.0000000
20.93383	44.98738	-.03550086	0.0000000
20.95050	44.98782	-.03535130	0.0000000
20.96716	44.98100	-.03605041	0.0000000
20.98383	44.98240	-.03576602	0.0000000
21.00050	44.98604	-.03523246	0.0000000
21.01716	44.99071	-.03563145	0.0000000
21.03383	44.97985	-.03861406	0.0000000
21.05050	44.98052	-.03875713	0.0000000
21.06716	44.97800	-.03829212	0.0000000
21.08383	44.97711	-.03856970	0.0000000
21.10050	44.98344	-.03881716	0.0000000
21.11716	44.98782	-.03845372	0.0000000
21.13383	44.98404	-.03850279	0.0000000
21.15050	44.98156	-.03854625	0.0000000
21.16716	44.98824	-.03443535	0.0000000
21.18383	44.98261	-.03386300	0.0000000
21.20050	44.98929	-.03405336	0.0000000
21.21716	44.98910	-.03399292	0.0000000
21.23383	44.98892	-.03403972	0.0000000
21.25050	44.98596	-.03438524	0.0000000
21.26716	44.98580	-.03462158	0.0000000
21.28383	44.98814	-.03456880	0.0000000
21.30050	44.97640	-.03929062	0.0000000
21.31716	44.98644	-.03919431	0.0000000
21.33383	44.98285	-.03905043	0.0000000
21.35050	44.98140	-.03964560	0.0000000
21.36716	44.98330	-.03961914	0.0000000
21.38383	44.98043	-.03963568	0.0000000
21.40050	44.98584	-.03934082	0.0000000
21.41716	44.98658	-.03892700	0.0000000
21.43383	44.98844	-.03902500	0.0000000
21.45050	44.98697	-.03878614	0.0000000
21.46716	44.97960	-.03924378	0.0000000
21.48383	44.97900	-.03935844	0.0000000
21.50050	44.98522	-.03863936	0.0000000
21.51716	44.98381	-.03904376	0.0000000
21.53383	44.97739	-.04091028	0.0000000
21.55050	44.97802	-.04166193	0.0000000
21.56716	44.98408	-.04033209	0.0000000
21.58383	44.99188	-.03908906	0.0000000
21.60050	44.98676	-.04031272	0.0000000
21.61716	44.98569	-.04014576	0.0000000
21.63383	44.98789	-.03852440	0.0000000
21.65050	44.98480	-.03829178	0.0000000
21.66716	44.98324	-.04362107	0.0000000
21.68383	44.98226	-.04307847	0.0000000
21.70050	44.98282	-.04290997	0.0000000
21.71716	44.98162	-.04296008	0.0000000
21.73383	44.98019	-.04289179	0.0000000
21.75050	44.98614	-.04156706	0.0000000
21.76716	44.98546	-.04091950	0.0000000
21.78383	44.98098	-.04110340	0.0000000
21.80050	44.97575	-.04142282	0.0000000
21.81716	44.98474	-.03824549	0.0000000
21.83383	44.97980	-.03864166	0.0000000
21.85050	44.98017	-.03896781	0.0000000
21.86716	44.98900	-.03730281	0.0000000
21.88383	44.99402	-.03544438	0.0000000
21.90050	44.99510	-.03546050	0.0000000
21.91716	44.99491	-.03502067	0.0000000
21.93383	44.98268	-.03634832	0.0000000
21.95050	44.97918	-.03627718	0.0000000
21.96716	44.98686	-.03599760	0.0000000
21.98383	44.98424	-.03832428	0.0000000
22.00050	44.98672	-.04010544	0.0000000
22.01716	44.98463	-.04026869	0.0000000
22.03383	44.98548	-.04006633	0.0000000
22.05050	44.98587	-.03984905	0.0000000
22.06716	44.98337	-.04033778	0.0000000
22.08383	44.97788	-.04066328	0.0000000
22.10050	44.97986	-.04047024	0.0000000
22.11716	44.98113	-.04049450	0.0000000
22.13383	44.97828	-.04140852	0.0000000
22.15050	44.97890	-.04322264	0.0000000
22.16716	44.98542	-.03994174	0.0000000
22.18383	44.98037	-.03983922	0.0000000
22.20050	44.98491	-.03964837	0.0000000
22.21716	44.98124	-.03922000	0.0000000
22.23383	44.98059	-.03884616	0.0000000
22.25050	44.98306	-.03852820	0.0000000
22.26716	44.97615	-.03960453	0.0000000
22.28383	44.98166	-.04027607	0.0000000
22.30050	44.98722	-.03839610	0.0000000
22.31716	44.98127	-.03848016	0.0000000
22.33383	44.98040	-.03865444	0.0000000
22.35050	44.97916	-.03820109	0.0000000
22.36716	44.98334	-.03764584	0.0000000
22.38383	44.98553	-.03746482	0.0000000
22.40050	44.98360	-.03762424	0.0000000
22.41716	44.98292	-.03767464	0.0000000
22.43383	44.97996	-.03742285	0.0000000
22.45050	44.98264	-.03715870	0.0000000
22.46716	44.98633	-.03696196	0.0000000
22.48383	44.97452	-.03891052	0.0000000
22.50050	44.98344	-.03755078	0.0000000
22.51716	44.97304	-.03728938	0.0000000
22.53383	44.97191	-.03808275	0.0000000
22.55050	44.98212	-.03710950	0.0000000
22.56716	44.99478	-.03472397	0.0000000
22.58383	44.98605	-.03541251	0.0000000
22.60050	44.98217	-.03542528	0.0000000
22.61716	44.97783	-.03406113	0.0000000
22.63383	44.97802	-.03267330	0.0000000
22.65050	44.98244	-.03330882	0.0000000
22.66716	44.98310	-.03448608	0.0000000
22.68383	44.98334	-.03468488	0.0000000
22.70050	44.98020	-.03373878	0.0000000
22.71716	44.97931	-.03356574	0.0000000
22.73383	44.98393	-.03334992	0.0000000
22.75050	44.98574	-.03301544	0.0000000
22.76716	44.98678	-.03379721	0.0000000
22.78383	44.98502	-.03363770	0.0000000
22.80050	44.99056	-.03159842	0.0000000
22.81716	44.98800	-.03237426	0.0000000
22.83383	44.99252	-.03368789	0.0000000
22.85050	44.98640	-.03381653	0.0000000
22.86716	44.98738	-.03417862	0.0000000
22.88383	44.97926	-.03508736	0.0000000
22.90050	44.98434	-.03608190	0.0000000
22.91716	44.98632	-.03618958	0.0000000
-2.000000	2.000000	0.0000000	0.0000000
22.93383	44.98208	-.03834190	0.0000000
22.95050	44.97015	-.04337430	0.0000000
22.96716	44.93391	-.04095880	0.0000000
22.98383	44.86932	0.06464921	0.0000000
23.00050	44.75390	0.1194428	0.0000000
23.01716	44.61000	0.1085238	0.0000000
23.03383	44.44039	-.01565210	0.0000000
23.05050	44.25761	-0.2169989	0.0000000
23.06716	44.04666	-0.4222286	0.0000000
23.08383	43.82430	-0.6210140	0.0000000
23.10050	43.58925	-0.8169769	0.0000000
23.11716	43.33684	-1.046994	0.0000000
23.13383	43.07656	-1.235933	0.0000000
23.15050	42.81210	-1.413356	0.0000000
23.16716	42.53355	-1.596598	0.0000000
23.18383	42.24910	-1.737440	0.0000000
23.20050	41.96306	-1.882259	0.0000000
23.21716	41.67238	-2.011548	0.0000000
23.23383	41.37170	-2.131379	0.0000000
23.25050	41.07831	-2.220553	0.0000000
23.26716	40.77680	-2.322694	0.0000000
23.28383	40.46065	-2.405844	0.0000000
23.30050	40.15635	-2.463333	0.0000000
23.31716	39.84516	-2.564917	0.0000000
23.33383	39.52985	-2.613935	0.0000000
23.35050	39.22022	-2.664899	0.0000000
23.36716	38.90721	-2.726727	0.0000000
23.38383	38.59739	-2.770869	0.0000000
23.40050	38.27676	-2.811644	0.0000000
23.41716	37.95646	-2.835622	0.0000000
23.43383	37.63178	-2.884253	0.0000000
23.45050	37.31458	-2.907214	0.0000000
23.46716	37.00139	-2.945128	0.0000000
23.48383	36.67549	-2.981170	0.0000000
23.50050	36.35925	-2.974804	0.0000000
23.51716	36.03642	-3.004883	0.0000000
23.53383	35.70839	-3.033804	0.0000000
23.55050	35.38562	-3.063225	0.0000000
23.56716	35.05221	-3.085208	0.0000000
23.58383	34.72920	-3.101382	0.0000000
23.60050	34.40726	-3.132143	0.0000000
23.61716	34.07844	-3.146338	0.0000000
23.63383	33.75696	-3.140800	0.0000000
23.65050	33.43256	-3.155136	0.0000000
23.66716	33.10406	-3.165973	0.0000000
23.68383	32.78061	-3.166346	0.0000000
23.70050	32.45701	-3.180476	0.0000000
23.71716	32.13270	-3.195526	0.0000000
23.73383	31.80594	-3.208648	0.0000000
23.75050	31.48230	-3.211480	0.0000000
23.76716	31.15731	-3.216861	0.0000000
23.78383	30.82601	-3.236536	0.0000000
23.80050	30.49658	-3.241043	0.0000000
23.81716	30.16881	-3.245586	0.0000000
23.83383	29.83634	-3.259412	0.0000000
23.85050	29.51680	-3.268951	0.0000000
23.86716	29.18802	-3.283400	0.0000000
23.88383	28.86184	-3.285036	0.0000000
23.90050	28.53744	-3.293382	0.0000000
23.91716	28.20290	-3.302384	0.0000000
23.93383	27.87984	-3.300426	0.0000000
23.95050	27.54899	-3.304889	0.0000000
23.96716	27.21694	-3.309528	0.0000000
23.98383	26.87187	-3.332247	0.0000000
24.00050	26.55004	-3.329652	0.0000000
24.01716	26.21120	-3.347797	0.0000000
24.03383	25.89360	-3.355737	0.0000000
24.05050	25.55928	-3.367331	0.0000000
24.06716	25.23873	-3.364622	0.0000000
24.08383	24.90033	-3.366348	0.0000000
24.10050	24.57412	-3.366254	0.0000000
24.11716	24.23938	-3.366315	0.0000000
24.13383	23.91210	-3.363086	0.0000000
24.15050	23.57900	-3.361620	0.0000000
24.16716	23.24864	-3.360400	0.0000000
-2.000000	3.000000	0.0000000	0.0000000
24.18383	22.93052	-3.358070	0.0000000
24.20050	22.62620	-3.313790	0.0000000
24.21716	22.35869	-3.212416	0.0000000
24.23383	22.16514	-3.207076	0.0000000
24.25050	22.05254	-3.376357	0.0000000
24.26716	22.01112	-3.526006	0.0000000
24.28383	22.01420	-3.515400	0.0000000
24.30050	22.07191	-3.347272	0.0000000
24.31716	22.16203	-3.063004	0.0000000
24.33383	22.28110	-2.750290	0.0000000
24.35050	22.42666	-2.404367	0.0000000
24.36716	22.59096	-2.045307	0.0000000
24.38383	22.78743	-1.687552	0.0000000
24.40050	22.99682	-1.356163	0.0000000
24.41716	23.21929	-1.039444	0.0000000
24.43383	23.45520	-0.7327875	0.0000000
24.45050	23.70720	-0.4516714	0.0000000
24.46716	23.96129	-0.1981188	0.0000000
24.48383	24.22340	0.02670864	0.0000000
24.50050	24.49076	0.2430237	0.0000000
24.51716	24.77461	0.4329588	0.0000000
24.53383	25.05323	0.5922494	0.0000000
24.55050	25.33650	0.7588950	0.0000000
24.56716	25.63236	0.9049208	0.0000000
24.58383	25.92406	1.027590	0.0000000
24.60050	26.22812	1.154261	0.0000000
24.61716	26.52628	1.252665	0.0000000
24.63383	26.83281	1.368747	0.0000000
24.65050	27.13454	1.457960	0.0000000
24.66716	27.44406	1.545538	0.0000000
24.68383	27.75008	1.621138	0.0000000
24.70050	28.05572	1.697114	0.0000000
24.71716	28.37047	1.772156	0.0000000
24.73383	28.68150	1.824113	0.0000000
24.75050	28.99306	1.879491	0.0000000
24.76716	29.31316	1.944276	0.0000000
24.78383	29.61902	2.001959	0.0000000
24.80050	29.94522	2.051144	0.0000000
24.81716	30.25884	2.092495	0.0000000
24.83383	30.56954	2.150610	0.0000000
24.85050	30.89204	2.198253	0.0000000
24.86716	31.20180	2.219570	0.0000000
24.88383	31.52983	2.278887	0.0000000
24.90050	31.84832	2.288722	0.0000000
24.91716	32.16226	2.337928	0.0000000
24.93383	32.48342	2.389621	0.0000000
24.95050	32.80744	2.418885	0.0000000
24.96716	33.12179	2.436699	0.0000000
24.98383	33.45118	2.497964	0.0000000
25.00050	33.78239	2.536435	0.0000000
25.01716	34.09732	2.534206	0.0000000
25.03383	34.41798	2.597870	0.0000000
25.05050	34.74234	2.615760	0.0000000
25.06716	35.06506	2.641715	0.0000000
25.08383	35.39190	2.659006	0.0000000
25.10050	35.71828	2.691956	0.0000000
25.11716	36.04196	2.721066	0.0000000
25.13383	36.36309	2.753748	0.0000000
25.15050	36.68505	2.784454	0.0000000
25.16716	37.00625	2.803182	0.0000000
25.18383	37.33352	2.834692	0.0000000
25.20050	37.65819	2.857380	0.0000000
25.21716	37.98486	2.887968	0.0000000
25.23383	38.31286	2.915516	0.0000000
25.25050	38.64274	2.949246	0.0000000
25.26716	38.97022	2.959270	0.0000000
25.28383	39.29106	2.986555	0.0000000
25.30050	39.61865	3.017430	0.0000000
25.31716	39.94278	3.032403	0.0000000
25.33383	40.26174	3.051556	0.0000000
25.35050	40.59912	3.086362	0.0000000
25.36716	40.91937	3.094446	0.0000000
25.38383	41.24688	3.119600	0.0000000
25.40050	41.56556	3.142139	0.0000000
25.41716	41.89466	3.173142	0.0000000
25.43383	42.22424	3.196763	0.0000000
25.45050	42.56252	3.210370	0.0000000
25.46716	42.88830	3.221846	0.0000000
25.48383	43.21622	3.270936	0.0000000
25.50050	43.54420	3.303506	0.0000000
25.51716	43.87484	3.310945	0.0000000
25.53383	44.18978	3.314972	0.0000000
25.55050	44.52369	3.350228	0.0000000
25.56716	44.85348	3.364588	0.0000000
25.58383	45.18141	3.383989	0.0000000
25.60050	45.51426	3.406332	0.0000000
25.61716	45.84430	3.430340	0.0000000
25.63383	46.17131	3.447493	0.0000000
25.65050	46.49650	3.470248	0.0000000
25.66716	46.82754	3.509026	0.0000000
25.68383	47.15060	3.527395	0.0000000
25.70050	47.48074	3.564541	0.0000000
25.71716	47.82333	3.605397	0.0000000
25.73383	48.15325	3.625076	0.0000000
25.75050	48.47678	3.664654	0.0000000
25.76716	48.80552	3.715640	0.0000000
25.78383	49.13056	3.732238	0.0000000
25.80050	49.45831	3.770779	0.0000000
25.81716	49.78314	3.807467	0.0000000
25.83383	50.11240	3.872637	0.0000000
25.85050	50.44426	3.939044	0.0000000
25.86716	50.77622	3.996916	0.0000000
25.88383	51.10669	4.054087	0.0000000
25.90050	51.43075	4.144810	0.0000000
25.91716	51.75535	4.227174	0.0000000
25.93383	52.08070	4.303598	0.0000000
25.95050	52.40863	4.412893	0.0000000
25.96716	52.73601	4.503958	0.0000000
25.98383	53.05292	4.640281	0.0000000
26.00050	53.37707	4.800914	0.0000000
26.01716	53.70291	4.941919	0.0000000
26.03383	54.02224	5.105276	0.0000000
26.05050	54.34754	5.295818	0.0000000
26.06716	54.66588	5.507942	0.0000000
26.08383	54.99356	5.716508	0.0000000
26.10050	55.32049	5.894706	0.0000000
26.11716	55.63420	6.105537	0.0000000
26.13383	55.95186	6.317800	0.0000000
26.15050	56.27212	6.529355	0.0000000
26.16716	56.60075	6.725919	0.0000000
26.18383	56.92250	6.912666	0.0000000
26.20050	57.24176	7.135534	0.0000000
26.21716	57.56711	7.349072	0.0000000
26.23383	57.88406	7.569546	0.0000000
26.25050	58.20551	7.809356	0.0000000
26.26716	58.51914	8.056762	0.0000000
26.28383	58.82468	8.352745	0.0000000
26.30050	59.13895	8.705074	0.0000000
26.31716	59.46207	9.100212	0.0000000
26.33383	59.77024	9.567541	0.0000000
26.35050	60.07874	10.14036	0.0000000
26.36716	60.38126	10.76016	0.0000000
26.38383	60.68086	11.46256	0.0000000
26.40050	60.96808	12.21693	0.0000000
26.41716	61.26016	13.13672	0.0000000
26.43383	61.55152	14.11813	0.0000000
26.45050	61.83771	15.21841	0.0000000
26.46716	62.11192	16.49031	0.0000000
26.48383	62.38652	17.87684	0.0000000
26.50050	62.64180	19.33304	0.0000000
26.51716	62.89542	20.82332	0.0000000
26.53383	63.14397	22.25406	0.0000000
26.55050	63.38406	23.59174	0.0000000
26.56716	63.63910	24.74735	0.0000000
26.58383	63.88821	25.60875	0.0000000
26.60050	64.15162	26.13739	0.0000000
26.61716	64.42468	26.20103	0.0000000
26.63383	64.71759	25.79400	0.0000000
26.65050	65.02992	24.91104	0.0000000
26.66716	65.36730	23.47350	0.0000000
26.68383	65.73106	21.41881	0.0000000
26.70050	66.11952	18.70614	0.0000000
26.71716	66.54903	15.53939	0.0000000
26.73383	66.99726	12.45001	0.0000000
26.75050	67.45934	10.09888	0.0000000
26.76716	67.92374	8.567194	0.0000000
26.78383	68.37362	7.566684	0.0000000
26.80050	68.80260	6.867712	0.0000000
26.81716	69.22751	6.363207	0.0000000
26.83383	69.64246	5.925068	0.0000000
26.85050	70.03924	5.575874	0.0000000
26.86716	70.42844	5.304402	0.0000000
26.88383	70.80486	5.039682	0.0000000
26.90050	71.17192	4.814601	0.0000000
26.91716	71.54322	4.635206	0.0000000
26.93383	71.90424	4.445590	0.0000000
26.95050	72.26298	4.291174	0.0000000
26.96716	72.62060	4.203540	0.0000000
26.98383	72.97301	4.097188	0.0000000
27.00050	73.32491	4.008328	0.0000000
27.01716	73.66870	3.936456	0.0000000
27.03383	74.01432	3.879304	0.0000000
27.05050	74.35120	3.818220	0.0000000
27.06716	74.69311	3.787524	0.0000000
27.08383	75.03334	3.735500	0.0000000
27.10050	75.37689	3.709692	0.0000000
27.11716	75.70949	3.685016	0.0000000
27.13383	76.05504	3.680429	0.0000000
27.15050	76.39755	3.655164	0.0000000
27.16716	76.73316	3.630188	0.0000000
27.18383	77.06695	3.610690	0.0000000
27.20050	77.40212	3.598972	0.0000000
27.21716	77.74640	3.580620	0.0000000
27.23383	78.07334	3.545233	0.0000000
27.25050	78.41138	3.556256	0.0000000
27.26716	78.74321	3.553782	0.0000000
27.28383	79.07840	3.551574	0.0000000
27.30050	79.41179	3.546791	0.0000000
27.31716	79.74525	3.544589	0.0000000
27.33383	80.08178	3.543914	0.0000000
27.35050	80.41956	3.543513	0.0000000
27.36716	80.75454	3.542899	0.0000000
27.38383	81.08853	3.532380	0.0000000
27.40050	81.42451	3.525442	0.0000000
27.41716	81.75689	3.520966	0.0000000
27.43383	82.09224	3.515280	0.0000000
27.45050	82.42629	3.505812	0.0000000
27.46716	82.76220	3.504072	0.0000000
27.48383	83.09797	3.503234	0.0000000
27.50050	83.42508	3.501567	0.0000000
27.51716	83.76390	3.503383	0.0000000
27.53383	84.09915	3.502748	0.0000000
27.55050	84.43439	3.499703	0.0000000
27.56716	84.76694	3.493835	0.0000000
27.58383	85.10041	3.492000	0.0000000
27.60050	85.42962	3.484292	0.0000000
27.61716	85.76509	3.477354	0.0000000
27.63383	86.10124	3.473093	0.0000000
27.65050	86.43641	3.467205	0.0000000
27.66716	86.76590	3.460528	0.0000000
27.68383	87.09235	3.458858	0.0000000
27.70050	87.42792	3.459130	0.0000000
27.71716	87.76842	3.459108	0.0000000
27.73383	88.10480	3.458556	0.0000000
27.75050	88.43634	3.459284	0.0000000
27.76716	88.77249	3.469760	0.0000000
27.78383	89.10514	3.470306	0.0000000
27.80050	89.43328	3.466974	0.0000000
27.81716	89.77244	3.455333	0.0000000
27.83383	90.10538	3.438559	0.0000000
27.85050	90.44794	3.435296	0.0000000
27.86716	90.77828	3.433953	0.0000000
27.88383	91.11119	3.433278	0.0000000
27.90050	91.43890	3.433225	0.0000000
27.91716	91.77324	3.432956	0.0000000
27.93383	92.10638	3.432720	0.0000000
27.95050	92.44402	3.432382	0.0000000
27.96716	92.77563	3.433190	0.0000000
27.98383	93.11726	3.441986	0.0000000
28.00050	93.44559	3.442659	0.0000000
28.01716	93.77791	3.442024	0.0000000
28.03383	94.10953	3.439891	0.0000000
28.05050	94.44556	3.425703	0.0000000
28.06716	94.78544	3.415694	0.0000000
28.08383	95.12102	3.416822	0.0000000
28.10050	95.44829	3.419261	0.0000000
28.11716	95.78869	3.445050	0.0000000
28.13383	96.12232	3.448489	0.0000000
28.15050	96.45172	3.447903	0.0000000
28.16716	96.78761	3.447278	0.0000000
28.18383	97.11569	3.444318	0.0000000
28.20050	97.44812	3.442403	0.0000000
28.21716	97.78070	3.440334	0.0000000
28.23383	98.11775	3.438692	0.0000000
28.25050	98.45549	3.437878	0.0000000
28.26716	98.79051	3.436230	0.0000000
28.28383	99.12482	3.435182	0.0000000
28.30050	99.45938	3.435278	0.0000000
28.31716	99.79670	3.435860	0.0000000
28.33383	100.1316	3.435031	0.0000000
28.35050	100.4681	3.435020	0.0000000
28.36716	100.7994	3.434657	0.0000000
28.38383	101.1378	3.436488	0.0000000
28.40050	101.4704	3.434937	0.0000000
28.41716	101.8031	3.431418	0.0000000
28.43383	102.1371	3.430447	0.0000000
28.45050	102.4663	3.428420	0.0000000
28.46716	102.8043	3.426648	0.0000000
28.48383	103.1370	3.421521	0.0000000
28.50050	103.4696	3.416147	0.0000000
28.51716	103.8047	3.415735	0.0000000
28.53383	104.1405	3.415255	0.0000000
28.55050	104.4778	3.414680	0.0000000
28.56716	104.8129	3.414772	0.0000000
28.58383	105.1478	3.414837	0.0000000
28.60050	105.4802	3.414368	0.0000000
28.61716	105.8106	3.413424	0.0000000
28.63383	106.1486	3.412376	0.0000000
28.65050	106.4858	3.406542	0.0000000
28.66716	106.8170	3.394103	0.0000000
28.68383	107.1541	3.392674	0.0000000
28.70050	107.4847	3.392606	0.0000000
28.71716	107.8211	3.392682	0.0000000
28.73383	108.1580	3.390948	0.0000000
28.75050	108.4887	3.386787	0.0000000
28.76716	108.8205	3.386859	0.0000000
28.78383	109.1556	3.387980	0.0000000
28.80050	109.4842	3.386815	0.0000000
28.81716	109.8203	3.386150	0.0000000
28.83383	110.1587	3.386053	0.0000000
28.85050	110.4948	3.385994	0.0000000
28.86716	110.8289	3.385669	0.0000000
28.88383	111.1608	3.387158	0.0000000
28.90050	111.4933	3.389930	0.0000000
28.91716	111.8280	3.391502	0.0000000
28.93383	112.1629	3.391554	0.0000000
28.95050	112.5000	3.391563	0.0000000
28.96716	112.8345	3.390678	0.0000000
28.98383	113.1666	3.389760	0.0000000
29.00050	113.5040	3.389700	0.0000000
29.01716	113.8391	3.389004	0.0000000
29.03383	114.1773	3.388656	0.0000000
29.05050	114.5052	3.387368	0.0000000
29.06716	114.8389	3.388666	0.0000000
29.08383	115.1701	3.388018	0.0000000
29.10050	115.5102	3.386643	0.0000000
29.11716	115.8428	3.381650	0.0000000
29.13383	116.1805	3.380060	0.0000000
29.15050	116.5178	3.379968	0.0000000
29.16716	116.8528	3.378776	0.0000000
29.18383	117.1868	3.377212	0.0000000
29.20050	117.5200	3.376762	0.0000000
29.21716	117.8504	3.375509	0.0000000
29.23383	118.1854	3.374178	0.0000000
29.25050	118.5222	3.373484	0.0000000
29.26716	118.8588	3.371980	0.0000000
29.28383	119.1877	3.368400	0.0000000
29.30050	119.5224	3.368371	0.0000000
29.31716	119.8605	3.368270	0.0000000
29.33383	120.1934	3.367818	0.0000000
29.35050	120.5389	3.379391	0.0000000
29.36716	120.8692	3.380844	0.0000000
29.38383	121.2044	3.387448	0.0000000
29.40050	121.5330	3.391942	0.0000000
29.41716	121.8705	3.393716	0.0000000
29.43383	122.2089	3.392186	0.0000000
29.45050	122.5398	3.385467	0.0000000
29.46716	122.8775	3.385583	0.0000000
29.48383	123.2072	3.387990	0.0000000
29.50050	123.5489	3.397204	0.0000000
29.51716	123.8820	3.402484	0.0000000
29.53383	124.2121	3.404767	0.0000000
29.55050	124.5525	3.408306	0.0000000
29.56716	124.8780	3.417395	0.0000000
29.58383	125.2227	3.450800	0.0000000
29.60050	125.5563	3.446628	0.0000000
29.61716	125.8911	3.443874	0.0000000
29.63383	126.2214	3.442380	0.0000000
29.65050	126.5590	3.441459	0.0000000
29.66716	126.8907	3.440793	0.0000000
-2.000000	4.000000	0.0000000	0.0000000
29.68383	127.2039	3.484326	0.0000000
29.70050	127.4589	3.591795	0.0000000
29.71716	127.6152	3.888800	0.0000000
29.73383	127.6280	4.173898	0.0000000
29.75050	127.4939	4.228398	0.0000000
29.76716	127.2221	3.999597	0.0000000
29.78383	126.8486	3.573868	0.0000000
29.80050	126.3819	2.961081	0.0000000
29.81716	125.8411	2.222320	0.0000000
29.83383	125.2530	1.405862	0.0000000
29.85050	124.6197	0.5652646	0.0000000
29.86716	123.9458	-0.2240008	0.0000000
29.88383	123.2470	-0.9451775	0.0000000
29.90050	122.5274	-1.614562	0.0000000
29.91716	121.7920	-2.221879	0.0000000
29.93383	121.0289	-2.781426	0.0000000
29.95050	120.2645	-3.271226	0.0000000
29.96716	119.4839	-3.720410	0.0000000
29.98383	118.6930	-4.116296	0.0000000
30.00050	117.8994	-4.462533	0.0000000
30.01716	117.0984	-4.778964	0.0000000
30.03383	116.3002	-5.059742	0.0000000
30.05050	115.4943	-5.321992	0.0000000
30.06716	114.6799	-5.528360	0.0000000
30.08383	113.8699	-5.723445	0.0000000
30.10050	113.0553	-5.911084	0.0000000
30.11716	112.2447	-6.054810	0.0000000
30.13383	111.4321	-6.179003	0.0000000
30.15050	110.6214	-6.301812	0.0000000
30.16716	109.8088	-6.396504	0.0000000
30.18383	108.9983	-6.480212	0.0000000
30.20050	108.1937	-6.574698	0.0000000
30.21716	107.3795	-6.663043	0.0000000
30.23383	106.5719	-6.740482	0.0000000
30.25050	105.7706	-6.797602	0.0000000
30.26716	104.9648	-6.857511	0.0000000
30.28383	104.1663	-6.909740	0.0000000
30.30050	103.3677	-6.966776	0.0000000
30.31716	102.5712	-7.005439	0.0000000
30.33383	101.7750	-7.036380	0.0000000
30.35050	100.9806	-7.057234	0.0000000
30.36716	100.1840	-7.080334	0.0000000
30.38383	99.39624	-7.115800	0.0000000
30.40050	98.61818	-7.144585	0.0000000
30.41716	97.83562	-7.176614	0.0000000
30.43383	97.05199	-7.178451	0.0000000
30.45050	96.27449	-7.157915	0.0000000
30.46716	95.49431	-7.158062	0.0000000
30.48383	94.72169	-7.186274	0.0000000
30.50050	93.95611	-7.205212	0.0000000
30.51716	93.19485	-7.202434	0.0000000
30.53383	92.42618	-7.198938	0.0000000
30.55050	91.66907	-7.196063	0.0000000
30.56716	90.90664	-7.200175	0.0000000
30.58383	90.15724	-7.231692	0.0000000
30.60050	89.40234	-7.259274	0.0000000
30.61716	88.65220	-7.258012	0.0000000
30.63383	87.90326	-7.256750	0.0000000
30.65050	87.15522	-7.257765	0.0000000
30.66716	86.41026	-7.267529	0.0000000
30.68383	85.66812	-7.309124	0.0000000
30.70050	84.93147	-7.317284	0.0000000
30.71716	84.20249	-7.314789	0.0000000
30.73383	83.46697	-7.313120	0.0000000
30.75050	82.73744	-7.312982	0.0000000
30.76716	82.01374	-7.318649	0.0000000
30.78383	81.28520	-7.327444	0.0000000
30.80050	80.56350	-7.328320	0.0000000
30.81716	79.84040	-7.326120	0.0000000
30.83383	79.12688	-7.317175	0.0000000
30.85050	78.40906	-7.313253	0.0000000
30.86716	77.70124	-7.313560	0.0000000
30.88383	76.99644	-7.314560	0.0000000
30.90050	76.29019	-7.313144	0.0000000
30.91716	75.58735	-7.306508	0.0000000
30.93383	74.88366	-7.286743	0.0000000
30.95050	74.18118	-7.275251	0.0000000
30.96716	73.48860	-7.270162	0.0000000
30.98383	72.80109	-7.268072	0.0000000
31.00050	72.11204	-7.267310	0.0000000
31.01716	71.41560	-7.263495	0.0000000
31.03383	70.73536	-7.219705	0.0000000
31.05050	70.05541	-7.211884	0.0000000
31.06716	69.37608	-7.212370	0.0000000
31.08383	68.69571	-7.204404	0.0000000
31.10050	68.02088	-7.186978	0.0000000
31.11716	67.35011	-7.170660	0.0000000
31.13383	66.68122	-7.151213	0.0000000
31.15050	66.01014	-7.119039	0.0000000
31.16716	65.34534	-7.096758	0.0000000
31.18383	64.68700	-7.094075	0.0000000
31.20050	64.02868	-7.092940	0.0000000
31.21716	63.37355	-7.087910	0.0000000
31.23383	62.71998	-7.076639	0.0000000
31.25050	62.07230	-7.062356	0.0000000
31.26716	61.42121	-7.057484	0.0000000
31.28383	60.77804	-7.044425	0.0000000
31.30050	60.13388	-7.032312	0.0000000
31.31716	59.49305	-7.029556	0.0000000
31.33383	58.85864	-7.010952	0.0000000
31.35050	58.21789	-7.002454	0.0000000
31.36716	57.58354	-7.001494	0.0000000
31.38383	56.95460	-6.997897	0.0000000
31.40050	56.32190	-6.999616	0.0000000
31.41716	55.70121	-6.999310	0.0000000
31.43383	55.07662	-6.996375	0.0000000
31.45050	54.46224	-6.987695	0.0000000
31.46716	53.83970	-6.982288	0.0000000
31.48383	53.22074	-6.972341	0.0000000
31.50050	52.60638	-6.942949	0.0000000
31.51716	51.98758	-6.921941	0.0000000
31.53383	51.38528	-6.908135	0.0000000
31.55050	50.77586	-6.888964	0.0000000
31.56716	50.17158	-6.862815	0.0000000
31.58383	49.56894	-6.837582	0.0000000
31.60050	48.96504	-6.827829	0.0000000
31.61716	48.37428	-6.797991	0.0000000
31.63383	47.77588	-6.781179	0.0000000
31.65050	47.18470	-6.770251	0.0000000
31.66716	46.59180	-6.767343	0.0000000
31.68383	46.00838	-6.759309	0.0000000
31.70050	45.42539	-6.739020	0.0000000
31.71716	44.83719	-6.724913	0.0000000
31.73383	44.25248	-6.701368	0.0000000
31.75050	43.67684	-6.686661	0.0000000
31.76716	43.10361	-6.690176	0.0000000
31.78383	42.53650	-6.742010	0.0000000
31.80050	41.96539	-6.886430	0.0000000
31.81716	41.40720	-7.094278	0.0000000
31.83383	40.85660	-7.484740	0.0000000
31.85050	40.32081	-8.120480	0.0000000
31.86716	39.80884	-9.113382	0.0000000
31.88383	39.31590	-10.57286	0.0000000
31.90050	38.85022	-12.57465	0.0000000
31.91716	38.42618	-15.08491	0.0000000
31.93384	38.03679	-18.02837	0.0000000
31.95050	37.67431	-21.29594	0.0000000
31.96716	37.32610	-24.52746	0.0000000
31.98383	36.99066	-27.58633	0.0000000
32.00050	36.65266	-30.43952	0.0000000
32.01716	36.30500	-32.85100	0.0000000
32.03383	35.94130	-34.40940	0.0000000
32.05050	35.52420	-34.68059	0.0000000
32.06716	35.04211	-33.66760	0.0000000
32.08383	34.52402	-31.94130	0.0000000
32.10050	33.96725	-29.86672	0.0000000
32.11716	33.38286	-27.39425	0.0000000
32.13383	32.78507	-24.76633	0.0000000
32.15050	32.20374	-22.39500	0.0000000
32.16716	31.63318	-20.27264	0.0000000
32.18384	31.07928	-18.31449	0.0000000
32.20050	30.55204	-16.56011	0.0000000
32.21716	30.06177	-15.06188	0.0000000
32.23383	29.59322	-13.79334	0.0000000
32.25050	29.15494	-12.66699	0.0000000
32.26716	28.73754	-11.68413	0.0000000
32.28383	28.34011	-10.79638	0.0000000
32.30050	27.98052	-9.994125	0.0000000
32.31716	27.63349	-9.289750	0.0000000
32.33383	27.30142	-8.625624	0.0000000
32.35050	26.98658	-8.029999	0.0000000
32.36716	26.68962	-7.512281	0.0000000
32.38383	26.41482	-7.056024	0.0000000
32.40050	26.15227	-6.654784	0.0000000
32.41716	25.89625	-6.287729	0.0000000
32.43384	25.66196	-5.931656	0.0000000
32.45050	25.43156	-5.634899	0.0000000
32.46716	25.21525	-5.354701	0.0000000
32.48383	25.02988	-5.072208	0.0000000
32.50050	24.83104	-4.867802	0.0000000
32.51716	24.64632	-4.627835	0.0000000
32.53383	24.47040	-4.414156	0.0000000
32.55050	24.29674	-4.232860	0.0000000
32.56716	24.14505	-4.052985	0.0000000
32.58383	23.98812	-3.896853	0.0000000
32.60050	23.84636	-3.735486	0.0000000
32.61716	23.70696	-3.582758	0.0000000
32.63383	23.58013	-3.437350	0.0000000
32.65050	23.45067	-3.311081	0.0000000
32.66716	23.32361	-3.187944	0.0000000
32.68384	23.19900	-3.072370	0.0000000
32.70050	23.07378	-2.965490	0.0000000
32.71716	22.96644	-2.864764	0.0000000
32.73383	22.84710	-2.782942	0.0000000
32.75050	22.73837	-2.701218	0.0000000
32.76716	22.62436	-2.618218	0.0000000
32.78383	22.51541	-2.544388	0.0000000
32.80050	22.40508	-2.485071	0.0000000
32.81716	22.30330	-2.416120	0.0000000
32.83383	22.19648	-2.366675	0.0000000
32.85050	22.09684	-2.303936	0.0000000
32.86716	21.99831	-2.250762	0.0000000
32.88383	21.90398	-2.211452	0.0000000
32.90050	21.81318	-2.166648	0.0000000
32.91716	21.71701	-2.121454	0.0000000
32.93384	21.61798	-2.078766	0.0000000
32.95050	21.53198	-2.021448	0.0000000
32.96716	21.43609	-2.007150	0.0000000
32.98383	21.34296	-1.962969	0.0000000
33.00050	21.25134	-1.933295	0.0000000
33.01716	21.15518	-1.901966	0.0000000
33.03383	21.06699	-1.868064	0.0000000
33.05050	20.98574	-1.833819	0.0000000
33.06716	20.90051	-1.820387	0.0000000
33.08383	20.83506	-1.794983	0.0000000
33.10050	20.76371	-1.788595	0.0000000
33.11716	20.71222	-1.758294	0.0000000
33.13383	20.65736	-1.723133	0.0000000
33.15050	20.61900	-1.663327	0.0000000
33.16716	20.57446	-1.612226	0.0000000
33.18384	20.54437	-1.550953	0.0000000
33.20050	20.51000	-1.500469	0.0000000
33.21716	20.48598	-1.432289	0.0000000
33.23383	20.46169	-1.376448	0.0000000
33.25050	20.43824	-1.327710	0.0000000
33.26716	20.42318	-1.269141	0.0000000
33.28383	20.39028	-1.226917	0.0000000
33.30050	20.38439	-1.165491	0.0000000
33.31716	20.36920	-1.120712	0.0000000
33.33383	20.36366	-1.080108	0.0000000
33.35050	20.34639	-1.049432	0.0000000
33.36716	20.33252	-0.9977437	0.0000000
33.38383	20.31838	-0.9629784	0.0000000
33.40050	20.30476	-0.9378380	0.0000000
33.41716	20.30073	-0.9006015	0.0000000
33.43384	20.28065	-0.8913476	0.0000000
33.45050	20.28286	-0.8415642	0.0000000
33.46716	20.26382	-0.8312356	0.0000000
33.48383	20.25230	-0.8068232	0.0000000
33.50050	20.25643	-0.7623079	0.0000000
33.51716	20.24338	-0.7601345	0.0000000
33.53383	20.23894	-0.7375525	0.0000000
33.55050	20.22782	-0.7131680	0.0000000
33.56716	20.22655	-0.6871547	0.0000000
33.58383	20.21110	-0.6813482	0.0000000