X_element,C_wt%,Cr_wt%,N_wt%,Mo_wt%,Ni_wt%,Fe_wt% (balance),PREN,Strength_proxy_MPa,Cost_proxy_$_per_kg,Service_T_C (info),Mn_wt%,Si_wt%
Ni,0.0,27.0,0.0,9.5,0.0,63.5,58.349999999999994,551.7301749728706,6.3475,20,,
Ni,0.0,27.0,0.0,9.5,0.5,63.0,58.349999999999994,565.8723105966016,6.417,20,,
Ni,0.0,27.0,0.0,9.5,1.0,62.5,58.349999999999994,571.7301749728706,6.4865,20,,
Ni,0.0,27.0,0.0,9.5,1.5,62.0,58.349999999999994,576.2250724007024,6.556,20,,
Ni,0.0,27.0,0.0,9.5,2.0,61.5,58.349999999999994,580.0144462203325,6.625500000000001,20,,
Ni,0.0,27.0,0.0,9.5,2.5,61.0,58.349999999999994,583.3529515745544,6.695,20,,
Ni,0.0,27.0,0.0,9.5,3.0,60.5,58.349999999999994,586.3711911242482,6.7645,20,,
Ni,0.0,27.0,0.0,9.5,3.5,60.0,58.349999999999994,589.14674884061,6.8340000000000005,20,,
Ni,0.0,27.0,0.0,9.5,4.0,59.5,58.349999999999994,591.7301749728706,6.9035,20,,
Ni,0.0,27.0,0.0,9.5,4.5,59.0,58.349999999999994,594.1565818440635,6.973,20,,
Ni,0.0,27.0,0.0,9.5,5.0,58.5,58.349999999999994,596.4515345228664,7.0425,20,,
Ni,0.0,27.0,0.0,9.5,5.5,58.0,58.349999999999994,598.6343325711049,7.112,20,,
Ni,0.0,27.0,0.0,9.5,6.0,57.5,58.349999999999994,600.7199698285342,7.1815,20,,
Ni,0.0,27.0,0.0,9.5,6.5,57.0,58.349999999999994,602.7203701087984,7.251,20,,
Ni,0.0,27.0,0.0,9.5,7.0,56.5,58.349999999999994,604.6452011941624,7.3205,20,,
Ni,0.0,27.0,0.0,9.5,7.5,56.0,58.349999999999994,606.5024307233872,7.390000000000001,20,,
Ni,0.0,27.0,0.0,9.5,8.0,55.5,58.349999999999994,608.2987174677944,7.4595,20,,
Ni,0.0,27.0,0.0,9.5,8.5,55.0,58.349999999999994,610.0396939213236,7.529,20,,
Ni,0.0,27.0,0.0,9.5,9.0,54.5,58.349999999999994,611.7301749728706,7.5985,20,,
Ni,0.0,27.0,0.0,9.5,9.5,54.0,58.349999999999994,613.3743150025604,7.668,20,,
Ni,0.0,27.0,0.0,9.5,10.0,53.5,58.349999999999994,614.9757281762381,7.737500000000001,20,,
Ni,0.0,27.0,0.0,10.0,0.0,63.0,60.0,561.3386540149377,6.548000000000001,20,,
Ni,0.0,27.0,0.0,10.0,0.5,62.5,60.0,575.4807896386686,6.617500000000001,20,,
Ni,0.0,27.0,0.0,10.0,1.0,62.0,60.0,581.3386540149377,6.687000000000001,20,,
Ni,0.0,27.0,0.0,10.0,1.5,61.5,60.0,585.8335514427695,6.756500000000001,20,,
Ni,0.0,27.0,0.0,10.0,2.0,61.0,60.0,589.6229252623996,6.8260000000000005,20,,
Ni,0.0,27.0,0.0,10.0,2.5,60.5,60.0,592.9614306166214,6.895500000000001,20,,
Ni,0.0,27.0,0.0,10.0,3.0,60.0,60.0,595.9796701663153,6.965000000000001,20,,
Ni,0.0,27.0,0.0,10.0,3.5,59.5,60.0,598.7552278826771,7.034500000000001,20,,
Ni,0.0,27.0,0.0,10.0,4.0,59.0,60.0,601.3386540149377,7.104000000000001,20,,
Ni,0.0,27.0,0.0,10.0,4.5,58.5,60.0,603.7650608861305,7.173500000000001,20,,
Ni,0.0,27.0,0.0,10.0,5.0,58.0,60.0,606.0600135649335,7.243000000000001,20,,
Ni,0.0,27.0,0.0,10.0,5.5,57.5,60.0,608.242811613172,7.312500000000001,20,,
Ni,0.0,27.0,0.0,10.0,6.0,57.0,60.0,610.3284488706013,7.382000000000001,20,,
Ni,0.0,27.0,0.0,10.0,6.5,56.5,60.0,612.3288491508655,7.451500000000001,20,,
Ni,0.0,27.0,0.0,10.0,7.0,56.0,60.0,614.2536802362295,7.521000000000001,20,,
Ni,0.0,27.0,0.0,10.0,7.5,55.5,60.0,616.1109097654543,7.5905000000000005,20,,
Ni,0.0,27.0,0.0,10.0,8.0,55.0,60.0,617.9071965098615,7.660000000000001,20,,
Ni,0.0,27.0,0.0,10.0,8.5,54.5,60.0,619.6481729633907,7.729500000000002,20,,
Ni,0.0,27.0,0.0,10.0,9.0,54.0,60.0,621.3386540149377,7.799000000000001,20,,
Ni,0.0,27.0,0.0,10.0,9.5,53.5,60.0,622.9827940446274,7.868500000000001,20,,
Ni,0.0,27.0,0.0,10.0,10.0,53.0,60.0,624.5842072183052,7.938000000000001,20,,
Ni,0.0,27.0,0.0,10.5,0.0,62.5,61.65,570.7097766992038,6.7485,20,,
Ni,0.0,27.0,0.0,10.5,0.5,62.0,61.65,584.8519123229347,6.818,20,,
Ni,0.0,27.0,0.0,10.5,1.0,61.5,61.65,590.7097766992038,6.8875,20,,
Ni,0.0,27.0,0.0,10.5,1.5,61.0,61.65,595.2046741270356,6.957,20,,
Ni,0.0,27.0,0.0,10.5,2.0,60.5,61.65,598.9940479466657,7.0265,20,,
Ni,0.0,27.0,0.0,10.5,2.5,60.0,61.65,602.3325533008875,7.096,20,,
Ni,0.0,27.0,0.0,10.5,3.0,59.5,61.65,605.3507928505813,7.1655,20,,
Ni,0.0,27.0,0.0,10.5,3.5,59.0,61.65,608.1263505669432,7.235,20,,
Ni,0.0,27.0,0.0,10.5,4.0,58.5,61.65,610.7097766992038,7.3045,20,,
Ni,0.0,27.0,0.0,10.5,4.5,58.0,61.65,613.1361835703966,7.374,20,,
Ni,0.0,27.0,0.0,10.5,5.0,57.5,61.65,615.4311362491995,7.4435,20,,
Ni,0.0,27.0,0.0,10.5,5.5,57.0,61.65,617.613934297438,7.513,20,,
Ni,0.0,27.0,0.0,10.5,6.0,56.5,61.65,619.6995715548674,7.5825,20,,
Ni,0.0,27.0,0.0,10.5,6.5,56.0,61.65,621.6999718351316,7.652,20,,
Ni,0.0,27.0,0.0,10.5,7.0,55.5,61.65,623.6248029204955,7.7215,20,,
Ni,0.0,27.0,0.0,10.5,7.5,55.0,61.65,625.4820324497204,7.791,20,,
Ni,0.0,27.0,0.0,10.5,8.0,54.5,61.65,627.2783191941276,7.8605,20,,
Ni,0.0,27.0,0.0,10.5,8.5,54.0,61.65,629.0192956476568,7.93,20,,
Ni,0.0,27.0,0.0,10.5,9.0,53.5,61.65,630.7097766992038,7.999499999999999,20,,
Ni,0.0,27.0,0.0,10.5,9.5,53.0,61.65,632.3539167288935,8.068999999999999,20,,
Ni,0.0,27.0,0.0,10.5,10.0,52.5,61.65,633.9553299025713,8.1385,20,,
Ni,0.0,27.5,0.0,9.5,0.0,63.0,58.849999999999994,553.406388607915,6.394500000000001,20,,
Ni,0.0,27.5,0.0,9.5,0.5,62.5,58.849999999999994,567.548524231646,6.464,20,,
Ni,0.0,27.5,0.0,9.5,1.0,62.0,58.849999999999994,573.406388607915,6.533500000000001,20,,
Ni,0.0,27.5,0.0,9.5,1.5,61.5,58.849999999999994,577.9012860357468,6.603000000000001,20,,
Ni,0.0,27.5,0.0,9.5,2.0,61.0,58.849999999999994,581.6906598553769,6.672500000000001,20,,
Ni,0.0,27.5,0.0,9.5,2.5,60.5,58.849999999999994,585.0291652095988,6.742000000000001,20,,
Ni,0.0,27.5,0.0,9.5,3.0,60.0,58.849999999999994,588.0474047592926,6.8115000000000006,20,,
Ni,0.0,27.5,0.0,9.5,3.5,59.5,58.849999999999994,590.8229624756544,6.881000000000001,20,,
Ni,0.0,27.5,0.0,9.5,4.0,59.0,58.849999999999994,593.406388607915,6.950500000000001,20,,
Ni,0.0,27.5,0.0,9.5,4.5,58.5,58.849999999999994,595.8327954791079,7.0200000000000005,20,,
Ni,0.0,27.5,0.0,9.5,5.0,58.0,58.849999999999994,598.1277481579108,7.089500000000001,20,,
Ni,0.0,27.5,0.0,9.5,5.5,57.5,58.849999999999994,600.3105462061493,7.159000000000001,20,,
Ni,0.0,27.5,0.0,9.5,6.0,57.0,58.849999999999994,602.3961834635786,7.2285,20,,
Ni,0.0,27.5,0.0,9.5,6.5,56.5,58.849999999999994,604.3965837438428,7.298000000000001,20,,
Ni,0.0,27.5,0.0,9.5,7.0,56.0,58.849999999999994,606.3214148292068,7.367500000000001,20,,
Ni,0.0,27.5,0.0,9.5,7.5,55.5,58.849999999999994,608.1786443584316,7.437000000000001,20,,
Ni,0.0,27.5,0.0,9.5,8.0,55.0,58.849999999999994,609.9749311028388,7.506500000000001,20,,
Ni,0.0,27.5,0.0,9.5,8.5,54.5,58.849999999999994,611.715907556368,7.5760000000000005,20,,
Ni,0.0,27.5,0.0,9.5,9.0,54.0,58.849999999999994,613.406388607915,7.6455,20,,
Ni,0.0,27.5,0.0,9.5,9.5,53.5,58.849999999999994,615.0505286376048,7.715000000000001,20,,
Ni,0.0,27.5,0.0,9.5,10.0,53.0,58.849999999999994,616.6519418112825,7.784500000000001,20,,
Ni,0.0,27.5,0.0,10.0,0.0,62.5,60.5,563.0148676499821,6.595000000000001,20,,
Ni,0.0,27.5,0.0,10.0,0.5,62.0,60.5,577.157003273713,6.6645,20,,
Ni,0.0,27.5,0.0,10.0,1.0,61.5,60.5,583.0148676499821,6.734000000000001,20,,
Ni,0.0,27.5,0.0,10.0,1.5,61.0,60.5,587.5097650778139,6.8035000000000005,20,,
Ni,0.0,27.5,0.0,10.0,2.0,60.5,60.5,591.299138897444,6.873000000000001,20,,
Ni,0.0,27.5,0.0,10.0,2.5,60.0,60.5,594.6376442516658,6.942500000000001,20,,
Ni,0.0,27.5,0.0,10.0,3.0,59.5,60.5,597.6558838013597,7.0120000000000005,20,,
Ni,0.0,27.5,0.0,10.0,3.5,59.0,60.5,600.4314415177215,7.081500000000001,20,,
Ni,0.0,27.5,0.0,10.0,4.0,58.5,60.5,603.0148676499821,7.151000000000001,20,,
Ni,0.0,27.5,0.0,10.0,4.5,58.0,60.5,605.4412745211749,7.2205,20,,
Ni,0.0,27.5,0.0,10.0,5.0,57.5,60.5,607.7362271999779,7.290000000000001,20,,
Ni,0.0,27.5,0.0,10.0,5.5,57.0,60.5,609.9190252482164,7.359500000000001,20,,
Ni,0.0,27.5,0.0,10.0,6.0,56.5,60.5,612.0046625056457,7.429,20,,
Ni,0.0,27.5,0.0,10.0,6.5,56.0,60.5,614.0050627859099,7.498500000000001,20,,
Ni,0.0,27.5,0.0,10.0,7.0,55.5,60.5,615.9298938712739,7.5680000000000005,20,,
Ni,0.0,27.5,0.0,10.0,7.5,55.0,60.5,617.7871234004987,7.637500000000001,20,,
Ni,0.0,27.5,0.0,10.0,8.0,54.5,60.5,619.5834101449059,7.707000000000001,20,,
Ni,0.0,27.5,0.0,10.0,8.5,54.0,60.5,621.3243865984351,7.7765,20,,
Ni,0.0,27.5,0.0,10.0,9.0,53.5,60.5,623.0148676499821,7.846,20,,
Ni,0.0,27.5,0.0,10.0,9.5,53.0,60.5,624.6590076796718,7.915500000000001,20,,
Ni,0.0,27.5,0.0,10.0,10.0,52.5,60.5,626.2604208533496,7.985000000000001,20,,
Ni,0.0,27.5,0.0,10.5,0.0,62.0,62.15,572.3859903342482,6.7955000000000005,20,,
Ni,0.0,27.5,0.0,10.5,0.5,61.5,62.15,586.5281259579791,6.865,20,,
Ni,0.0,27.5,0.0,10.5,1.0,61.0,62.15,592.3859903342482,6.934500000000001,20,,
Ni,0.0,27.5,0.0,10.5,1.5,60.5,62.15,596.88088776208,7.0040000000000004,20,,
Ni,0.0,27.5,0.0,10.5,2.0,60.0,62.15,600.6702615817101,7.073500000000001,20,,
Ni,0.0,27.5,0.0,10.5,2.5,59.5,62.15,604.0087669359319,7.143000000000001,20,,
Ni,0.0,27.5,0.0,10.5,3.0,59.0,62.15,607.0270064856257,7.2125,20,,
Ni,0.0,27.5,0.0,10.5,3.5,58.5,62.15,609.8025642019876,7.282000000000001,20,,
Ni,0.0,27.5,0.0,10.5,4.0,58.0,62.15,612.3859903342482,7.351500000000001,20,,
Ni,0.0,27.5,0.0,10.5,4.5,57.5,62.15,614.812397205441,7.421,20,,
Ni,0.0,27.5,0.0,10.5,5.0,57.0,62.15,617.107349884244,7.490500000000001,20,,
Ni,0.0,27.5,0.0,10.5,5.5,56.5,62.15,619.2901479324825,7.5600000000000005,20,,
Ni,0.0,27.5,0.0,10.5,6.0,56.0,62.15,621.3757851899118,7.6295,20,,
Ni,0.0,27.5,0.0,10.5,6.5,55.5,62.15,623.376185470176,7.699000000000001,20,,
Ni,0.0,27.5,0.0,10.5,7.0,55.0,62.15,625.30101655554,7.7685,20,,
Ni,0.0,27.5,0.0,10.5,7.5,54.5,62.15,627.1582460847648,7.838000000000001,20,,
Ni,0.0,27.5,0.0,10.5,8.0,54.0,62.15,628.954532829172,7.907500000000001,20,,
Ni,0.0,27.5,0.0,10.5,8.5,53.5,62.15,630.6955092827012,7.977,20,,
Ni,0.0,27.5,0.0,10.5,9.0,53.0,62.15,632.3859903342482,8.0465,20,,
Ni,0.0,27.5,0.0,10.5,9.5,52.5,62.15,634.0301303639379,8.116,20,,
Ni,0.0,27.5,0.0,10.5,10.0,52.0,62.15,635.6315435376157,8.185500000000001,20,,
Ni,0.0,28.0,0.0,9.5,0.0,62.5,59.349999999999994,555.06743195266,6.441500000000001,20,,
Ni,0.0,28.0,0.0,9.5,0.5,62.0,59.349999999999994,569.2095675763909,6.511000000000001,20,,
Ni,0.0,28.0,0.0,9.5,1.0,61.5,59.349999999999994,575.06743195266,6.580500000000002,20,,
Ni,0.0,28.0,0.0,9.5,1.5,61.0,59.349999999999994,579.5623293804917,6.650000000000001,20,,
Ni,0.0,28.0,0.0,9.5,2.0,60.5,59.349999999999994,583.3517032001218,6.719500000000002,20,,
Ni,0.0,28.0,0.0,9.5,2.5,60.0,59.349999999999994,586.6902085543437,6.7890000000000015,20,,
Ni,0.0,28.0,0.0,9.5,3.0,59.5,59.349999999999994,589.7084481040375,6.858500000000001,20,,
Ni,0.0,28.0,0.0,9.5,3.5,59.0,59.349999999999994,592.4840058203994,6.928000000000002,20,,
Ni,0.0,28.0,0.0,9.5,4.0,58.5,59.349999999999994,595.06743195266,6.997500000000001,20,,
Ni,0.0,28.0,0.0,9.5,4.5,58.0,59.349999999999994,597.4938388238528,7.067000000000001,20,,
Ni,0.0,28.0,0.0,9.5,5.0,57.5,59.349999999999994,599.7887915026557,7.136500000000002,20,,
Ni,0.0,28.0,0.0,9.5,5.5,57.0,59.349999999999994,601.9715895508942,7.206000000000001,20,,
Ni,0.0,28.0,0.0,9.5,6.0,56.5,59.349999999999994,604.0572268083235,7.275500000000001,20,,
Ni,0.0,28.0,0.0,9.5,6.5,56.0,59.349999999999994,606.0576270885878,7.3450000000000015,20,,
Ni,0.0,28.0,0.0,9.5,7.0,55.5,59.349999999999994,607.9824581739517,7.414500000000001,20,,
Ni,0.0,28.0,0.0,9.5,7.5,55.0,59.349999999999994,609.8396877031765,7.484000000000002,20,,
Ni,0.0,28.0,0.0,9.5,8.0,54.5,59.349999999999994,611.6359744475837,7.553500000000001,20,,
Ni,0.0,28.0,0.0,9.5,8.5,54.0,59.349999999999994,613.376950901113,7.623000000000001,20,,
Ni,0.0,28.0,0.0,9.5,9.0,53.5,59.349999999999994,615.06743195266,7.692500000000001,20,,
Ni,0.0,28.0,0.0,9.5,9.5,53.0,59.349999999999994,616.7115719823497,7.762000000000001,20,,
Ni,0.0,28.0,0.0,9.5,10.0,52.5,59.349999999999994,618.3129851560275,7.831500000000002,20,,
Ni,0.0,28.0,0.0,10.0,0.0,62.0,61.0,564.6759109947269,6.642000000000001,20,,
Ni,0.0,28.0,0.0,10.0,0.5,61.5,61.0,578.8180466184579,6.711500000000001,20,,
Ni,0.0,28.0,0.0,10.0,1.0,61.0,61.0,584.6759109947269,6.7810000000000015,20,,
Ni,0.0,28.0,0.0,10.0,1.5,60.5,61.0,589.1708084225587,6.850500000000001,20,,
Ni,0.0,28.0,0.0,10.0,2.0,60.0,61.0,592.9601822421888,6.920000000000002,20,,
Ni,0.0,28.0,0.0,10.0,2.5,59.5,61.0,596.2986875964107,6.989500000000001,20,,
Ni,0.0,28.0,0.0,10.0,3.0,59.0,61.0,599.3169271461045,7.059000000000001,20,,
Ni,0.0,28.0,0.0,10.0,3.5,58.5,61.0,602.0924848624663,7.128500000000002,20,,
Ni,0.0,28.0,0.0,10.0,4.0,58.0,61.0,604.6759109947269,7.198000000000001,20,,
Ni,0.0,28.0,0.0,10.0,4.5,57.5,61.0,607.1023178659198,7.267500000000001,20,,
Ni,0.0,28.0,0.0,10.0,5.0,57.0,61.0,609.3972705447227,7.3370000000000015,20,,
Ni,0.0,28.0,0.0,10.0,5.5,56.5,61.0,611.5800685929612,7.406500000000001,20,,
Ni,0.0,28.0,0.0,10.0,6.0,56.0,61.0,613.6657058503905,7.476000000000001,20,,
Ni,0.0,28.0,0.0,10.0,6.5,55.5,61.0,615.6661061306547,7.545500000000001,20,,
Ni,0.0,28.0,0.0,10.0,7.0,55.0,61.0,617.5909372160187,7.615000000000001,20,,
Ni,0.0,28.0,0.0,10.0,7.5,54.5,61.0,619.4481667452435,7.684500000000002,20,,
Ni,0.0,28.0,0.0,10.0,8.0,54.0,61.0,621.2444534896507,7.754000000000001,20,,
Ni,0.0,28.0,0.0,10.0,8.5,53.5,61.0,622.98542994318,7.823500000000001,20,,
Ni,0.0,28.0,0.0,10.0,9.0,53.0,61.0,624.6759109947269,7.893000000000001,20,,
Ni,0.0,28.0,0.0,10.0,9.5,52.5,61.0,626.3200510244167,7.962500000000001,20,,
Ni,0.0,28.0,0.0,10.0,10.0,52.0,61.0,627.9214641980946,8.032000000000002,20,,
Ni,0.0,28.0,0.0,10.5,0.0,61.5,62.65,574.047033678993,6.8425,20,,
Ni,0.0,28.0,0.0,10.5,0.5,61.0,62.65,588.1891693027239,6.912,20,,
Ni,0.0,28.0,0.0,10.5,1.0,60.5,62.65,594.047033678993,6.9815000000000005,20,,
Ni,0.0,28.0,0.0,10.5,1.5,60.0,62.65,598.5419311068248,7.051,20,,
Ni,0.0,28.0,0.0,10.5,2.0,59.5,62.65,602.3313049264549,7.1205,20,,
Ni,0.0,28.0,0.0,10.5,2.5,59.0,62.65,605.6698102806768,7.19,20,,
Ni,0.0,28.0,0.0,10.5,3.0,58.5,62.65,608.6880498303706,7.2595,20,,
Ni,0.0,28.0,0.0,10.5,3.5,58.0,62.65,611.4636075467324,7.329000000000001,20,,
Ni,0.0,28.0,0.0,10.5,4.0,57.5,62.65,614.047033678993,7.3985,20,,
Ni,0.0,28.0,0.0,10.5,4.5,57.0,62.65,616.4734405501858,7.468,20,,
Ni,0.0,28.0,0.0,10.5,5.0,56.5,62.65,618.7683932289888,7.5375000000000005,20,,
Ni,0.0,28.0,0.0,10.5,5.5,56.0,62.65,620.9511912772273,7.607,20,,
Ni,0.0,28.0,0.0,10.5,6.0,55.5,62.65,623.0368285346566,7.6765,20,,
Ni,0.0,28.0,0.0,10.5,6.5,55.0,62.65,625.0372288149208,7.746,20,,
Ni,0.0,28.0,0.0,10.5,7.0,54.5,62.65,626.9620599002848,7.8155,20,,
Ni,0.0,28.0,0.0,10.5,7.5,54.0,62.65,628.8192894295096,7.885,20,,
Ni,0.0,28.0,0.0,10.5,8.0,53.5,62.65,630.6155761739168,7.9545,20,,
Ni,0.0,28.0,0.0,10.5,8.5,53.0,62.65,632.356552627446,8.024000000000001,20,,
Ni,0.0,28.0,0.0,10.5,9.0,52.5,62.65,634.047033678993,8.0935,20,,
Ni,0.0,28.0,0.0,10.5,9.5,52.0,62.65,635.6911737086828,8.163,20,,
Ni,0.0,28.0,0.0,10.5,10.0,51.5,62.65,637.2925868823606,8.2325,20,,
Ni,0.0,28.5,0.0,9.5,0.0,62.0,59.849999999999994,556.7137095886865,6.4885,20,,
Ni,0.0,28.5,0.0,9.5,0.5,61.5,59.849999999999994,570.8558452124174,6.558,20,,
Ni,0.0,28.5,0.0,9.5,1.0,61.0,59.849999999999994,576.7137095886865,6.6275,20,,
Ni,0.0,28.5,0.0,9.5,1.5,60.5,59.849999999999994,581.2086070165183,6.697,20,,
Ni,0.0,28.5,0.0,9.5,2.0,60.0,59.849999999999994,584.9979808361484,6.766500000000001,20,,
Ni,0.0,28.5,0.0,9.5,2.5,59.5,59.849999999999994,588.3364861903702,6.836,20,,
Ni,0.0,28.5,0.0,9.5,3.0,59.0,59.849999999999994,591.354725740064,6.9055,20,,
Ni,0.0,28.5,0.0,9.5,3.5,58.5,59.849999999999994,594.1302834564259,6.9750000000000005,20,,
Ni,0.0,28.5,0.0,9.5,4.0,58.0,59.849999999999994,596.7137095886865,7.0445,20,,
Ni,0.0,28.5,0.0,9.5,4.5,57.5,59.849999999999994,599.1401164598793,7.114,20,,
Ni,0.0,28.5,0.0,9.5,5.0,57.0,59.849999999999994,601.4350691386823,7.1835,20,,
Ni,0.0,28.5,0.0,9.5,5.5,56.5,59.849999999999994,603.6178671869208,7.253,20,,
Ni,0.0,28.5,0.0,9.5,6.0,56.0,59.849999999999994,605.7035044443501,7.3225,20,,
Ni,0.0,28.5,0.0,9.5,6.5,55.5,59.849999999999994,607.7039047246143,7.392,20,,
Ni,0.0,28.5,0.0,9.5,7.0,55.0,59.849999999999994,609.6287358099783,7.4615,20,,
Ni,0.0,28.5,0.0,9.5,7.5,54.5,59.849999999999994,611.4859653392031,7.531000000000001,20,,
Ni,0.0,28.5,0.0,9.5,8.0,54.0,59.849999999999994,613.2822520836103,7.6005,20,,
Ni,0.0,28.5,0.0,9.5,8.5,53.5,59.849999999999994,615.0232285371395,7.67,20,,
Ni,0.0,28.5,0.0,9.5,9.0,53.0,59.849999999999994,616.7137095886865,7.7395,20,,
Ni,0.0,28.5,0.0,9.5,9.5,52.5,59.849999999999994,618.3578496183762,7.809,20,,
Ni,0.0,28.5,0.0,9.5,10.0,52.0,59.849999999999994,619.959262792054,7.878500000000001,20,,
Ni,0.0,28.5,0.0,10.0,0.0,61.5,61.5,566.3221886307535,6.689,20,,
Ni,0.0,28.5,0.0,10.0,0.5,61.0,61.5,580.4643242544845,6.7585,20,,
Ni,0.0,28.5,0.0,10.0,1.0,60.5,61.5,586.3221886307535,6.828,20,,
Ni,0.0,28.5,0.0,10.0,1.5,60.0,61.5,590.8170860585853,6.8975,20,,
Ni,0.0,28.5,0.0,10.0,2.0,59.5,61.5,594.6064598782154,6.9670000000000005,20,,
Ni,0.0,28.5,0.0,10.0,2.5,59.0,61.5,597.9449652324373,7.0365,20,,
Ni,0.0,28.5,0.0,10.0,3.0,58.5,61.5,600.9632047821311,7.106,20,,
Ni,0.0,28.5,0.0,10.0,3.5,58.0,61.5,603.738762498493,7.1755,20,,
Ni,0.0,28.5,0.0,10.0,4.0,57.5,61.5,606.3221886307535,7.245,20,,
Ni,0.0,28.5,0.0,10.0,4.5,57.0,61.5,608.7485955019464,7.3145,20,,
Ni,0.0,28.5,0.0,10.0,5.0,56.5,61.5,611.0435481807493,7.384,20,,
Ni,0.0,28.5,0.0,10.0,5.5,56.0,61.5,613.2263462289878,7.4535,20,,
Ni,0.0,28.5,0.0,10.0,6.0,55.5,61.5,615.3119834864171,7.523,20,,
Ni,0.0,28.5,0.0,10.0,6.5,55.0,61.5,617.3123837666814,7.5925,20,,
Ni,0.0,28.5,0.0,10.0,7.0,54.5,61.5,619.2372148520453,7.662,20,,
Ni,0.0,28.5,0.0,10.0,7.5,54.0,61.5,621.0944443812701,7.7315000000000005,20,,
Ni,0.0,28.5,0.0,10.0,8.0,53.5,61.5,622.8907311256773,7.801,20,,
Ni,0.0,28.5,0.0,10.0,8.5,53.0,61.5,624.6317075792066,7.8705,20,,
Ni,0.0,28.5,0.0,10.0,9.0,52.5,61.5,626.3221886307535,7.9399999999999995,20,,
Ni,0.0,28.5,0.0,10.0,9.5,52.0,61.5,627.9663286604433,8.0095,20,,
Ni,0.0,28.5,0.0,10.0,10.0,51.5,61.5,629.5677418341211,8.079,20,,
Ni,0.0,28.5,0.0,10.5,0.0,61.0,63.15,575.6933113150196,6.8895,20,,
Ni,0.0,28.5,0.0,10.5,0.5,60.5,63.15,589.8354469387506,6.959,20,,
Ni,0.0,28.5,0.0,10.5,1.0,60.0,63.15,595.6933113150196,7.0285,20,,
Ni,0.0,28.5,0.0,10.5,1.5,59.5,63.15,600.1882087428514,7.098,20,,
Ni,0.0,28.5,0.0,10.5,2.0,59.0,63.15,603.9775825624815,7.1675,20,,
Ni,0.0,28.5,0.0,10.5,2.5,58.5,63.15,607.3160879167034,7.237,20,,
Ni,0.0,28.5,0.0,10.5,3.0,58.0,63.15,610.3343274663972,7.3065,20,,
Ni,0.0,28.5,0.0,10.5,3.5,57.5,63.15,613.1098851827591,7.376,20,,
Ni,0.0,28.5,0.0,10.5,4.0,57.0,63.15,615.6933113150196,7.4455,20,,
Ni,0.0,28.5,0.0,10.5,4.5,56.5,63.15,618.1197181862125,7.515,20,,
Ni,0.0,28.5,0.0,10.5,5.0,56.0,63.15,620.4146708650154,7.5845,20,,
Ni,0.0,28.5,0.0,10.5,5.5,55.5,63.15,622.5974689132539,7.654,20,,
Ni,0.0,28.5,0.0,10.5,6.0,55.0,63.15,624.6831061706832,7.7235,20,,
Ni,0.0,28.5,0.0,10.5,6.5,54.5,63.15,626.6835064509474,7.793,20,,
Ni,0.0,28.5,0.0,10.5,7.0,54.0,63.15,628.6083375363114,7.8625,20,,
Ni,0.0,28.5,0.0,10.5,7.5,53.5,63.15,630.4655670655362,7.932,20,,
Ni,0.0,28.5,0.0,10.5,8.0,53.0,63.15,632.2618538099434,8.0015,20,,
Ni,0.0,28.5,0.0,10.5,8.5,52.5,63.15,634.0028302634727,8.071,20,,
Ni,0.0,28.5,0.0,10.5,9.0,52.0,63.15,635.6933113150196,8.1405,20,,
Ni,0.0,28.5,0.0,10.5,9.5,51.5,63.15,637.3374513447094,8.21,20,,
Ni,0.0,28.5,0.0,10.5,10.0,51.0,63.15,638.9388645183872,8.2795,20,,
Ni,0.0,29.0,0.0,9.5,0.0,61.5,60.349999999999994,558.3456084278462,6.535500000000001,20,,
Ni,0.0,29.0,0.0,9.5,0.5,61.0,60.349999999999994,572.4877440515771,6.605,20,,
Ni,0.0,29.0,0.0,9.5,1.0,60.5,60.349999999999994,578.3456084278462,6.674500000000001,20,,
Ni,0.0,29.0,0.0,9.5,1.5,60.0,60.349999999999994,582.840505855678,6.744000000000001,20,,
Ni,0.0,29.0,0.0,9.5,2.0,59.5,60.349999999999994,586.6298796753081,6.813500000000001,20,,
Ni,0.0,29.0,0.0,9.5,2.5,59.0,60.349999999999994,589.9683850295299,6.883000000000001,20,,
Ni,0.0,29.0,0.0,9.5,3.0,58.5,60.349999999999994,592.9866245792238,6.952500000000001,20,,
Ni,0.0,29.0,0.0,9.5,3.5,58.0,60.349999999999994,595.7621822955856,7.022000000000001,20,,
Ni,0.0,29.0,0.0,9.5,4.0,57.5,60.349999999999994,598.3456084278462,7.091500000000001,20,,
Ni,0.0,29.0,0.0,9.5,4.5,57.0,60.349999999999994,600.772015299039,7.1610000000000005,20,,
Ni,0.0,29.0,0.0,9.5,5.0,56.5,60.349999999999994,603.066967977842,7.230500000000001,20,,
Ni,0.0,29.0,0.0,9.5,5.5,56.0,60.349999999999994,605.2497660260805,7.300000000000001,20,,
Ni,0.0,29.0,0.0,9.5,6.0,55.5,60.349999999999994,607.3354032835098,7.3695,20,,
Ni,0.0,29.0,0.0,9.5,6.5,55.0,60.349999999999994,609.335803563774,7.439000000000001,20,,
Ni,0.0,29.0,0.0,9.5,7.0,54.5,60.349999999999994,611.260634649138,7.508500000000001,20,,
Ni,0.0,29.0,0.0,9.5,7.5,54.0,60.349999999999994,613.1178641783628,7.578000000000001,20,,
Ni,0.0,29.0,0.0,9.5,8.0,53.5,60.349999999999994,614.91415092277,7.647500000000001,20,,
Ni,0.0,29.0,0.0,9.5,8.5,53.0,60.349999999999994,616.6551273762992,7.7170000000000005,20,,
Ni,0.0,29.0,0.0,9.5,9.0,52.5,60.349999999999994,618.3456084278462,7.7865,20,,
Ni,0.0,29.0,0.0,9.5,9.5,52.0,60.349999999999994,619.9897484575359,7.856000000000001,20,,
Ni,0.0,29.0,0.0,9.5,10.0,51.5,60.349999999999994,621.5911616312137,7.925500000000001,20,,
Ni,0.0,29.0,0.0,10.0,0.0,61.0,62.0,567.9540874699132,6.736000000000001,20,,
Ni,0.0,29.0,0.0,10.0,0.5,60.5,62.0,582.0962230936442,6.8055,20,,
Ni,0.0,29.0,0.0,10.0,1.0,60.0,62.0,587.9540874699132,6.875000000000001,20,,
Ni,0.0,29.0,0.0,10.0,1.5,59.5,62.0,592.448984897745,6.944500000000001,20,,
Ni,0.0,29.0,0.0,10.0,2.0,59.0,62.0,596.2383587173751,7.014000000000001,20,,
Ni,0.0,29.0,0.0,10.0,2.5,58.5,62.0,599.576864071597,7.083500000000001,20,,
Ni,0.0,29.0,0.0,10.0,3.0,58.0,62.0,602.5951036212908,7.1530000000000005,20,,
Ni,0.0,29.0,0.0,10.0,3.5,57.5,62.0,605.3706613376527,7.222500000000001,20,,
Ni,0.0,29.0,0.0,10.0,4.0,57.0,62.0,607.9540874699132,7.292000000000001,20,,
Ni,0.0,29.0,0.0,10.0,4.5,56.5,62.0,610.3804943411061,7.3615,20,,
Ni,0.0,29.0,0.0,10.0,5.0,56.0,62.0,612.675447019909,7.431000000000001,20,,
Ni,0.0,29.0,0.0,10.0,5.5,55.5,62.0,614.8582450681475,7.500500000000001,20,,
Ni,0.0,29.0,0.0,10.0,6.0,55.0,62.0,616.9438823255769,7.57,20,,
Ni,0.0,29.0,0.0,10.0,6.5,54.5,62.0,618.9442826058411,7.639500000000001,20,,
Ni,0.0,29.0,0.0,10.0,7.0,54.0,62.0,620.869113691205,7.7090000000000005,20,,
Ni,0.0,29.0,0.0,10.0,7.5,53.5,62.0,622.7263432204298,7.778500000000001,20,,
Ni,0.0,29.0,0.0,10.0,8.0,53.0,62.0,624.522629964837,7.848000000000001,20,,
Ni,0.0,29.0,0.0,10.0,8.5,52.5,62.0,626.2636064183663,7.9175,20,,
Ni,0.0,29.0,0.0,10.0,9.0,52.0,62.0,627.9540874699132,7.987,20,,
Ni,0.0,29.0,0.0,10.0,9.5,51.5,62.0,629.598227499603,8.0565,20,,
Ni,0.0,29.0,0.0,10.0,10.0,51.0,62.0,631.1996406732808,8.126000000000001,20,,
Ni,0.0,29.0,0.0,10.5,0.0,60.5,63.65,577.3252101541793,6.9365,20,,
Ni,0.0,29.0,0.0,10.5,0.5,60.0,63.65,591.4673457779103,7.005999999999999,20,,
Ni,0.0,29.0,0.0,10.5,1.0,59.5,63.65,597.3252101541793,7.0755,20,,
Ni,0.0,29.0,0.0,10.5,1.5,59.0,63.65,601.8201075820111,7.145,20,,
Ni,0.0,29.0,0.0,10.5,2.0,58.5,63.65,605.6094814016412,7.214499999999999,20,,
Ni,0.0,29.0,0.0,10.5,2.5,58.0,63.65,608.9479867558631,7.284,20,,
Ni,0.0,29.0,0.0,10.5,3.0,57.5,63.65,611.9662263055569,7.3534999999999995,20,,
Ni,0.0,29.0,0.0,10.5,3.5,57.0,63.65,614.7417840219188,7.423,20,,
Ni,0.0,29.0,0.0,10.5,4.0,56.5,63.65,617.3252101541793,7.4925,20,,
Ni,0.0,29.0,0.0,10.5,4.5,56.0,63.65,619.7516170253722,7.561999999999999,20,,
Ni,0.0,29.0,0.0,10.5,5.0,55.5,63.65,622.0465697041751,7.6315,20,,
Ni,0.0,29.0,0.0,10.5,5.5,55.0,63.65,624.2293677524136,7.701,20,,
Ni,0.0,29.0,0.0,10.5,6.0,54.5,63.65,626.3150050098429,7.770499999999999,20,,
Ni,0.0,29.0,0.0,10.5,6.5,54.0,63.65,628.3154052901072,7.84,20,,
Ni,0.0,29.0,0.0,10.5,7.0,53.5,63.65,630.2402363754711,7.9094999999999995,20,,
Ni,0.0,29.0,0.0,10.5,7.5,53.0,63.65,632.0974659046959,7.978999999999999,20,,
Ni,0.0,29.0,0.0,10.5,8.0,52.5,63.65,633.8937526491031,8.0485,20,,
Ni,0.0,29.0,0.0,10.5,8.5,52.0,63.65,635.6347291026324,8.118,20,,
Ni,0.0,29.0,0.0,10.5,9.0,51.5,63.65,637.3252101541793,8.1875,20,,
Ni,0.0,29.0,0.0,10.5,9.5,51.0,63.65,638.9693501838691,8.257,20,,
Ni,0.0,29.0,0.0,10.5,10.0,50.5,63.65,640.5707633575469,8.3265,20,,
Mn,0.0,27.0,0.0,9.5,,63.5,58.349999999999994,551.7301749728706,6.3475,20,0.0,
Mn,0.0,27.0,0.0,9.5,,63.0,58.349999999999994,569.4078445025343,6.3565000000000005,20,0.5,
Mn,0.0,27.0,0.0,9.5,,62.5,58.349999999999994,576.7301749728706,6.3655,20,1.0,
Mn,0.0,27.0,0.0,9.5,,62.0,58.349999999999994,582.3487967576604,6.3745,20,1.5,
Mn,0.0,27.0,0.0,9.5,,61.5,58.349999999999994,587.085514032198,6.3835,20,2.0,
Mn,0.0,27.0,0.0,9.5,,61.0,58.349999999999994,591.2586457249754,6.3925,20,2.5,
Mn,0.0,27.0,0.0,9.5,,60.5,58.349999999999994,595.0314451620925,6.4015,20,3.0,
Mn,0.0,27.0,0.0,9.5,,60.0,58.349999999999994,598.5008923075449,6.4105,20,3.5,
Mn,0.0,27.0,0.0,9.5,,59.5,58.349999999999994,601.7301749728706,6.4195,20,4.0,
Mn,0.0,27.0,0.0,9.5,,59.0,58.349999999999994,604.7631835618616,6.4285000000000005,20,4.5,
Mn,0.0,27.0,0.0,9.5,,58.5,58.349999999999994,607.6318744103653,6.4375,20,5.0,
Mn,0.0,27.0,0.0,9.5,,58.0,58.349999999999994,610.3603719706634,6.4465,20,5.5,
Mn,0.0,27.0,0.0,9.5,,57.5,58.349999999999994,612.9674185424501,6.4555,20,6.0,
Mn,0.0,27.0,0.0,9.5,,57.0,58.349999999999994,615.4679188927804,6.4645,20,6.5,
Mn,0.0,27.0,0.0,9.5,,56.5,58.349999999999994,617.8739577494854,6.4735000000000005,20,7.0,
Mn,0.0,27.0,0.0,9.5,,56.0,58.349999999999994,620.1954946610164,6.4825,20,7.5,
Mn,0.0,27.0,0.0,9.5,,55.5,58.349999999999994,622.4408530915254,6.4915,20,8.0,
Mn,0.0,27.0,0.0,9.5,,55.0,58.349999999999994,624.6170736584369,6.500500000000001,20,8.5,
Mn,0.0,27.0,0.0,9.5,,54.5,58.349999999999994,626.7301749728706,6.5095,20,9.0,
Mn,0.0,27.0,0.0,9.5,,54.0,58.349999999999994,628.7853500099828,6.5185,20,9.5,
Mn,0.0,27.0,0.0,9.5,,53.5,58.349999999999994,630.7871164770801,6.5275,20,10.0,
Mn,0.0,27.0,0.0,10.0,,63.0,60.0,561.3386540149377,6.548000000000001,20,0.0,
Mn,0.0,27.0,0.0,10.0,,62.5,60.0,579.0163235446014,6.557000000000001,20,0.5,
Mn,0.0,27.0,0.0,10.0,,62.0,60.0,586.3386540149377,6.566000000000001,20,1.0,
Mn,0.0,27.0,0.0,10.0,,61.5,60.0,591.9572757997274,6.575000000000001,20,1.5,
Mn,0.0,27.0,0.0,10.0,,61.0,60.0,596.6939930742651,6.5840000000000005,20,2.0,
Mn,0.0,27.0,0.0,10.0,,60.5,60.0,600.8671247670425,6.593000000000001,20,2.5,
Mn,0.0,27.0,0.0,10.0,,60.0,60.0,604.6399242041596,6.602000000000001,20,3.0,
Mn,0.0,27.0,0.0,10.0,,59.5,60.0,608.1093713496119,6.611000000000001,20,3.5,
Mn,0.0,27.0,0.0,10.0,,59.0,60.0,611.3386540149377,6.620000000000001,20,4.0,
Mn,0.0,27.0,0.0,10.0,,58.5,60.0,614.3716626039287,6.629000000000001,20,4.5,
Mn,0.0,27.0,0.0,10.0,,58.0,60.0,617.2403534524324,6.638000000000001,20,5.0,
Mn,0.0,27.0,0.0,10.0,,57.5,60.0,619.9688510127305,6.647000000000001,20,5.5,
Mn,0.0,27.0,0.0,10.0,,57.0,60.0,622.5758975845172,6.656000000000001,20,6.0,
Mn,0.0,27.0,0.0,10.0,,56.5,60.0,625.0763979348475,6.665000000000001,20,6.5,
Mn,0.0,27.0,0.0,10.0,,56.0,60.0,627.4824367915525,6.674000000000001,20,7.0,
Mn,0.0,27.0,0.0,10.0,,55.5,60.0,629.8039737030834,6.683000000000001,20,7.5,
Mn,0.0,27.0,0.0,10.0,,55.0,60.0,632.0493321335924,6.692000000000001,20,8.0,
Mn,0.0,27.0,0.0,10.0,,54.5,60.0,634.225552700504,6.7010000000000005,20,8.5,
Mn,0.0,27.0,0.0,10.0,,54.0,60.0,636.3386540149377,6.710000000000001,20,9.0,
Mn,0.0,27.0,0.0,10.0,,53.5,60.0,638.3938290520499,6.719000000000001,20,9.5,
Mn,0.0,27.0,0.0,10.0,,53.0,60.0,640.3955955191472,6.728000000000001,20,10.0,
Mn,0.0,27.0,0.0,10.5,,62.5,61.65,570.7097766992038,6.7485,20,0.0,
Mn,0.0,27.0,0.0,10.5,,62.0,61.65,588.3874462288675,6.7575,20,0.5,
Mn,0.0,27.0,0.0,10.5,,61.5,61.65,595.7097766992038,6.7665,20,1.0,
Mn,0.0,27.0,0.0,10.5,,61.0,61.65,601.3283984839935,6.7755,20,1.5,
Mn,0.0,27.0,0.0,10.5,,60.5,61.65,606.0651157585312,6.7844999999999995,20,2.0,
Mn,0.0,27.0,0.0,10.5,,60.0,61.65,610.2382474513086,6.7935,20,2.5,
Mn,0.0,27.0,0.0,10.5,,59.5,61.65,614.0110468884257,6.8025,20,3.0,
Mn,0.0,27.0,0.0,10.5,,59.0,61.65,617.480494033878,6.8115,20,3.5,
Mn,0.0,27.0,0.0,10.5,,58.5,61.65,620.7097766992038,6.8205,20,4.0,
Mn,0.0,27.0,0.0,10.5,,58.0,61.65,623.7427852881948,6.8295,20,4.5,
Mn,0.0,27.0,0.0,10.5,,57.5,61.65,626.6114761366985,6.8385,20,5.0,
Mn,0.0,27.0,0.0,10.5,,57.0,61.65,629.3399736969966,6.8475,20,5.5,
Mn,0.0,27.0,0.0,10.5,,56.5,61.65,631.9470202687833,6.8565,20,6.0,
Mn,0.0,27.0,0.0,10.5,,56.0,61.65,634.4475206191136,6.8655,20,6.5,
Mn,0.0,27.0,0.0,10.5,,55.5,61.65,636.8535594758185,6.8745,20,7.0,
Mn,0.0,27.0,0.0,10.5,,55.0,61.65,639.1750963873495,6.8835,20,7.5,
Mn,0.0,27.0,0.0,10.5,,54.5,61.65,641.4204548178585,6.8925,20,8.0,
Mn,0.0,27.0,0.0,10.5,,54.0,61.65,643.59667538477,6.9015,20,8.5,
Mn,0.0,27.0,0.0,10.5,,53.5,61.65,645.7097766992038,6.9105,20,9.0,
Mn,0.0,27.0,0.0,10.5,,53.0,61.65,647.764951736316,6.9195,20,9.5,
Mn,0.0,27.0,0.0,10.5,,52.5,61.65,649.7667182034132,6.9285,20,10.0,
Mn,0.0,27.5,0.0,9.5,,63.0,58.849999999999994,553.406388607915,6.394500000000001,20,0.0,
Mn,0.0,27.5,0.0,9.5,,62.5,58.849999999999994,571.0840581375787,6.403500000000001,20,0.5,
Mn,0.0,27.5,0.0,9.5,,62.0,58.849999999999994,578.406388607915,6.4125000000000005,20,1.0,
Mn,0.0,27.5,0.0,9.5,,61.5,58.849999999999994,584.0250103927048,6.421500000000001,20,1.5,
Mn,0.0,27.5,0.0,9.5,,61.0,58.849999999999994,588.7617276672424,6.4305,20,2.0,
Mn,0.0,27.5,0.0,9.5,,60.5,58.849999999999994,592.9348593600198,6.439500000000001,20,2.5,
Mn,0.0,27.5,0.0,9.5,,60.0,58.849999999999994,596.7076587971369,6.448500000000001,20,3.0,
Mn,0.0,27.5,0.0,9.5,,59.5,58.849999999999994,600.1771059425893,6.4575000000000005,20,3.5,
Mn,0.0,27.5,0.0,9.5,,59.0,58.849999999999994,603.406388607915,6.466500000000001,20,4.0,
Mn,0.0,27.5,0.0,9.5,,58.5,58.849999999999994,606.439397196906,6.475500000000001,20,4.5,
Mn,0.0,27.5,0.0,9.5,,58.0,58.849999999999994,609.3080880454097,6.484500000000001,20,5.0,
Mn,0.0,27.5,0.0,9.5,,57.5,58.849999999999994,612.0365856057078,6.493500000000001,20,5.5,
Mn,0.0,27.5,0.0,9.5,,57.0,58.849999999999994,614.6436321774945,6.5025,20,6.0,
Mn,0.0,27.5,0.0,9.5,,56.5,58.849999999999994,617.1441325278248,6.511500000000001,20,6.5,
Mn,0.0,27.5,0.0,9.5,,56.0,58.849999999999994,619.5501713845298,6.520500000000001,20,7.0,
Mn,0.0,27.5,0.0,9.5,,55.5,58.849999999999994,621.8717082960608,6.5295000000000005,20,7.5,
Mn,0.0,27.5,0.0,9.5,,55.0,58.849999999999994,624.1170667265698,6.538500000000001,20,8.0,
Mn,0.0,27.5,0.0,9.5,,54.5,58.849999999999994,626.2932872934813,6.547500000000001,20,8.5,
Mn,0.0,27.5,0.0,9.5,,54.0,58.849999999999994,628.406388607915,6.556500000000001,20,9.0,
Mn,0.0,27.5,0.0,9.5,,53.5,58.849999999999994,630.4615636450272,6.565500000000001,20,9.5,
Mn,0.0,27.5,0.0,9.5,,53.0,58.849999999999994,632.4633301121245,6.5745000000000005,20,10.0,
Mn,0.0,27.5,0.0,10.0,,62.5,60.5,563.0148676499821,6.595000000000001,20,0.0,
Mn,0.0,27.5,0.0,10.0,,62.0,60.5,580.6925371796458,6.604000000000001,20,0.5,
Mn,0.0,27.5,0.0,10.0,,61.5,60.5,588.0148676499821,6.613,20,1.0,
Mn,0.0,27.5,0.0,10.0,,61.0,60.5,593.6334894347718,6.622000000000001,20,1.5,
Mn,0.0,27.5,0.0,10.0,,60.5,60.5,598.3702067093095,6.631,20,2.0,
Mn,0.0,27.5,0.0,10.0,,60.0,60.5,602.5433384020869,6.640000000000001,20,2.5,
Mn,0.0,27.5,0.0,10.0,,59.5,60.5,606.316137839204,6.649000000000001,20,3.0,
Mn,0.0,27.5,0.0,10.0,,59.0,60.5,609.7855849846563,6.658,20,3.5,
Mn,0.0,27.5,0.0,10.0,,58.5,60.5,613.0148676499821,6.667000000000001,20,4.0,
Mn,0.0,27.5,0.0,10.0,,58.0,60.5,616.0478762389731,6.676000000000001,20,4.5,
Mn,0.0,27.5,0.0,10.0,,57.5,60.5,618.9165670874768,6.6850000000000005,20,5.0,
Mn,0.0,27.5,0.0,10.0,,57.0,60.5,621.6450646477749,6.694000000000001,20,5.5,
Mn,0.0,27.5,0.0,10.0,,56.5,60.5,624.2521112195616,6.703,20,6.0,
Mn,0.0,27.5,0.0,10.0,,56.0,60.5,626.7526115698919,6.712000000000001,20,6.5,
Mn,0.0,27.5,0.0,10.0,,55.5,60.5,629.1586504265969,6.721000000000001,20,7.0,
Mn,0.0,27.5,0.0,10.0,,55.0,60.5,631.4801873381278,6.73,20,7.5,
Mn,0.0,27.5,0.0,10.0,,54.5,60.5,633.7255457686368,6.739000000000001,20,8.0,
Mn,0.0,27.5,0.0,10.0,,54.0,60.5,635.9017663355484,6.748000000000001,20,8.5,
Mn,0.0,27.5,0.0,10.0,,53.5,60.5,638.0148676499821,6.757000000000001,20,9.0,
Mn,0.0,27.5,0.0,10.0,,53.0,60.5,640.0700426870943,6.766000000000001,20,9.5,
Mn,0.0,27.5,0.0,10.0,,52.5,60.5,642.0718091541916,6.775,20,10.0,
Mn,0.0,27.5,0.0,10.5,,62.0,62.15,572.3859903342482,6.7955000000000005,20,0.0,
Mn,0.0,27.5,0.0,10.5,,61.5,62.15,590.0636598639119,6.804500000000001,20,0.5,
Mn,0.0,27.5,0.0,10.5,,61.0,62.15,597.3859903342482,6.8135,20,1.0,
Mn,0.0,27.5,0.0,10.5,,60.5,62.15,603.0046121190379,6.822500000000001,20,1.5,
Mn,0.0,27.5,0.0,10.5,,60.0,62.15,607.7413293935756,6.8315,20,2.0,
Mn,0.0,27.5,0.0,10.5,,59.5,62.15,611.914461086353,6.8405000000000005,20,2.5,
Mn,0.0,27.5,0.0,10.5,,59.0,62.15,615.6872605234701,6.849500000000001,20,3.0,
Mn,0.0,27.5,0.0,10.5,,58.5,62.15,619.1567076689224,6.8585,20,3.5,
Mn,0.0,27.5,0.0,10.5,,58.0,62.15,622.3859903342482,6.867500000000001,20,4.0,
Mn,0.0,27.5,0.0,10.5,,57.5,62.15,625.4189989232392,6.876500000000001,20,4.5,
Mn,0.0,27.5,0.0,10.5,,57.0,62.15,628.2876897717429,6.8855,20,5.0,
Mn,0.0,27.5,0.0,10.5,,56.5,62.15,631.016187332041,6.894500000000001,20,5.5,
Mn,0.0,27.5,0.0,10.5,,56.0,62.15,633.6232339038277,6.9035,20,6.0,
Mn,0.0,27.5,0.0,10.5,,55.5,62.15,636.123734254158,6.9125000000000005,20,6.5,
Mn,0.0,27.5,0.0,10.5,,55.0,62.15,638.529773110863,6.921500000000001,20,7.0,
Mn,0.0,27.5,0.0,10.5,,54.5,62.15,640.8513100223939,6.9305,20,7.5,
Mn,0.0,27.5,0.0,10.5,,54.0,62.15,643.0966684529029,6.939500000000001,20,8.0,
Mn,0.0,27.5,0.0,10.5,,53.5,62.15,645.2728890198144,6.948500000000001,20,8.5,
Mn,0.0,27.5,0.0,10.5,,53.0,62.15,647.3859903342482,6.9575000000000005,20,9.0,
Mn,0.0,27.5,0.0,10.5,,52.5,62.15,649.4411653713604,6.966500000000001,20,9.5,
Mn,0.0,27.5,0.0,10.5,,52.0,62.15,651.4429318384576,6.9755,20,10.0,
Mn,0.0,28.0,0.0,9.5,,62.5,59.349999999999994,555.06743195266,6.441500000000001,20,0.0,
Mn,0.0,28.0,0.0,9.5,,62.0,59.349999999999994,572.7451014823237,6.450500000000002,20,0.5,
Mn,0.0,28.0,0.0,9.5,,61.5,59.349999999999994,580.06743195266,6.459500000000001,20,1.0,
Mn,0.0,28.0,0.0,9.5,,61.0,59.349999999999994,585.6860537374497,6.4685000000000015,20,1.5,
Mn,0.0,28.0,0.0,9.5,,60.5,59.349999999999994,590.4227710119874,6.477500000000001,20,2.0,
Mn,0.0,28.0,0.0,9.5,,60.0,59.349999999999994,594.5959027047647,6.486500000000001,20,2.5,
Mn,0.0,28.0,0.0,9.5,,59.5,59.349999999999994,598.3687021418818,6.495500000000002,20,3.0,
Mn,0.0,28.0,0.0,9.5,,59.0,59.349999999999994,601.8381492873342,6.504500000000001,20,3.5,
Mn,0.0,28.0,0.0,9.5,,58.5,59.349999999999994,605.06743195266,6.513500000000001,20,4.0,
Mn,0.0,28.0,0.0,9.5,,58.0,59.349999999999994,608.100440541651,6.522500000000002,20,4.5,
Mn,0.0,28.0,0.0,9.5,,57.5,59.349999999999994,610.9691313901546,6.531500000000001,20,5.0,
Mn,0.0,28.0,0.0,9.5,,57.0,59.349999999999994,613.6976289504528,6.5405000000000015,20,5.5,
Mn,0.0,28.0,0.0,9.5,,56.5,59.349999999999994,616.3046755222394,6.549500000000001,20,6.0,
Mn,0.0,28.0,0.0,9.5,,56.0,59.349999999999994,618.8051758725697,6.558500000000001,20,6.5,
Mn,0.0,28.0,0.0,9.5,,55.5,59.349999999999994,621.2112147292747,6.567500000000002,20,7.0,
Mn,0.0,28.0,0.0,9.5,,55.0,59.349999999999994,623.5327516408057,6.576500000000001,20,7.5,
Mn,0.0,28.0,0.0,9.5,,54.5,59.349999999999994,625.7781100713147,6.5855000000000015,20,8.0,
Mn,0.0,28.0,0.0,9.5,,54.0,59.349999999999994,627.9543306382262,6.594500000000002,20,8.5,
Mn,0.0,28.0,0.0,9.5,,53.5,59.349999999999994,630.06743195266,6.603500000000001,20,9.0,
Mn,0.0,28.0,0.0,9.5,,53.0,59.349999999999994,632.1226069897722,6.612500000000002,20,9.5,
Mn,0.0,28.0,0.0,9.5,,52.5,59.349999999999994,634.1243734568694,6.621500000000001,20,10.0,
Mn,0.0,28.0,0.0,10.0,,62.0,61.0,564.6759109947269,6.642000000000001,20,0.0,
Mn,0.0,28.0,0.0,10.0,,61.5,61.0,582.3535805243906,6.651000000000002,20,0.5,
Mn,0.0,28.0,0.0,10.0,,61.0,61.0,589.6759109947269,6.660000000000001,20,1.0,
Mn,0.0,28.0,0.0,10.0,,60.5,61.0,595.2945327795167,6.669000000000001,20,1.5,
Mn,0.0,28.0,0.0,10.0,,60.0,61.0,600.0312500540542,6.678000000000001,20,2.0,
Mn,0.0,28.0,0.0,10.0,,59.5,61.0,604.2043817468317,6.687000000000001,20,2.5,
Mn,0.0,28.0,0.0,10.0,,59.0,61.0,607.9771811839488,6.6960000000000015,20,3.0,
Mn,0.0,28.0,0.0,10.0,,58.5,61.0,611.4466283294012,6.705000000000001,20,3.5,
Mn,0.0,28.0,0.0,10.0,,58.0,61.0,614.6759109947269,6.714000000000001,20,4.0,
Mn,0.0,28.0,0.0,10.0,,57.5,61.0,617.708919583718,6.723000000000002,20,4.5,
Mn,0.0,28.0,0.0,10.0,,57.0,61.0,620.5776104322216,6.732000000000001,20,5.0,
Mn,0.0,28.0,0.0,10.0,,56.5,61.0,623.3061079925197,6.741000000000001,20,5.5,
Mn,0.0,28.0,0.0,10.0,,56.0,61.0,625.9131545643063,6.750000000000001,20,6.0,
Mn,0.0,28.0,0.0,10.0,,55.5,61.0,628.4136549146367,6.759000000000001,20,6.5,
Mn,0.0,28.0,0.0,10.0,,55.0,61.0,630.8196937713417,6.768000000000002,20,7.0,
Mn,0.0,28.0,0.0,10.0,,54.5,61.0,633.1412306828727,6.777000000000001,20,7.5,
Mn,0.0,28.0,0.0,10.0,,54.0,61.0,635.3865891133817,6.786000000000001,20,8.0,
Mn,0.0,28.0,0.0,10.0,,53.5,61.0,637.5628096802932,6.795000000000002,20,8.5,
Mn,0.0,28.0,0.0,10.0,,53.0,61.0,639.6759109947269,6.804000000000001,20,9.0,
Mn,0.0,28.0,0.0,10.0,,52.5,61.0,641.7310860318391,6.8130000000000015,20,9.5,
Mn,0.0,28.0,0.0,10.0,,52.0,61.0,643.7328524989364,6.822000000000001,20,10.0,
Mn,0.0,28.0,0.0,10.5,,61.5,62.65,574.047033678993,6.8425,20,0.0,
Mn,0.0,28.0,0.0,10.5,,61.0,62.65,591.7247032086567,6.851500000000001,20,0.5,
Mn,0.0,28.0,0.0,10.5,,60.5,62.65,599.047033678993,6.8605,20,1.0,
Mn,0.0,28.0,0.0,10.5,,60.0,62.65,604.6656554637827,6.8695,20,1.5,
Mn,0.0,28.0,0.0,10.5,,59.5,62.65,609.4023727383203,6.8785,20,2.0,
Mn,0.0,28.0,0.0,10.5,,59.0,62.65,613.5755044310978,6.8875,20,2.5,
Mn,0.0,28.0,0.0,10.5,,58.5,62.65,617.3483038682149,6.8965000000000005,20,3.0,
Mn,0.0,28.0,0.0,10.5,,58.0,62.65,620.8177510136672,6.9055,20,3.5,
Mn,0.0,28.0,0.0,10.5,,57.5,62.65,624.047033678993,6.9145,20,4.0,
Mn,0.0,28.0,0.0,10.5,,57.0,62.65,627.080042267984,6.923500000000001,20,4.5,
Mn,0.0,28.0,0.0,10.5,,56.5,62.65,629.9487331164877,6.9325,20,5.0,
Mn,0.0,28.0,0.0,10.5,,56.0,62.65,632.6772306767858,6.9415000000000004,20,5.5,
Mn,0.0,28.0,0.0,10.5,,55.5,62.65,635.2842772485724,6.9505,20,6.0,
Mn,0.0,28.0,0.0,10.5,,55.0,62.65,637.7847775989028,6.9595,20,6.5,
Mn,0.0,28.0,0.0,10.5,,54.5,62.65,640.1908164556078,6.968500000000001,20,7.0,
Mn,0.0,28.0,0.0,10.5,,54.0,62.65,642.5123533671388,6.9775,20,7.5,
Mn,0.0,28.0,0.0,10.5,,53.5,62.65,644.7577117976477,6.9865,20,8.0,
Mn,0.0,28.0,0.0,10.5,,53.0,62.65,646.9339323645593,6.9955,20,8.5,
Mn,0.0,28.0,0.0,10.5,,52.5,62.65,649.047033678993,7.0045,20,9.0,
Mn,0.0,28.0,0.0,10.5,,52.0,62.65,651.1022087161052,7.0135000000000005,20,9.5,
Mn,0.0,28.0,0.0,10.5,,51.5,62.65,653.1039751832025,7.0225,20,10.0,
Mn,0.0,28.5,0.0,9.5,,62.0,59.849999999999994,556.7137095886865,6.4885,20,0.0,
Mn,0.0,28.5,0.0,9.5,,61.5,59.849999999999994,574.3913791183502,6.4975000000000005,20,0.5,
Mn,0.0,28.5,0.0,9.5,,61.0,59.849999999999994,581.7137095886865,6.5065,20,1.0,
Mn,0.0,28.5,0.0,9.5,,60.5,59.849999999999994,587.3323313734762,6.5155,20,1.5,
Mn,0.0,28.5,0.0,9.5,,60.0,59.849999999999994,592.0690486480139,6.5245,20,2.0,
Mn,0.0,28.5,0.0,9.5,,59.5,59.849999999999994,596.2421803407913,6.5335,20,2.5,
Mn,0.0,28.5,0.0,9.5,,59.0,59.849999999999994,600.0149797779084,6.5425,20,3.0,
Mn,0.0,28.5,0.0,9.5,,58.5,59.849999999999994,603.4844269233607,6.5515,20,3.5,
Mn,0.0,28.5,0.0,9.5,,58.0,59.849999999999994,606.7137095886865,6.5605,20,4.0,
Mn,0.0,28.5,0.0,9.5,,57.5,59.849999999999994,609.7467181776775,6.569500000000001,20,4.5,
Mn,0.0,28.5,0.0,9.5,,57.0,59.849999999999994,612.6154090261812,6.5785,20,5.0,
Mn,0.0,28.5,0.0,9.5,,56.5,59.849999999999994,615.3439065864793,6.5875,20,5.5,
Mn,0.0,28.5,0.0,9.5,,56.0,59.849999999999994,617.950953158266,6.5965,20,6.0,
Mn,0.0,28.5,0.0,9.5,,55.5,59.849999999999994,620.4514535085963,6.6055,20,6.5,
Mn,0.0,28.5,0.0,9.5,,55.0,59.849999999999994,622.8574923653013,6.6145000000000005,20,7.0,
Mn,0.0,28.5,0.0,9.5,,54.5,59.849999999999994,625.1790292768322,6.6235,20,7.5,
Mn,0.0,28.5,0.0,9.5,,54.0,59.849999999999994,627.4243877073412,6.6325,20,8.0,
Mn,0.0,28.5,0.0,9.5,,53.5,59.849999999999994,629.6006082742527,6.641500000000001,20,8.5,
Mn,0.0,28.5,0.0,9.5,,53.0,59.849999999999994,631.7137095886865,6.6505,20,9.0,
Mn,0.0,28.5,0.0,9.5,,52.5,59.849999999999994,633.7688846257987,6.6595,20,9.5,
Mn,0.0,28.5,0.0,9.5,,52.0,59.849999999999994,635.770651092896,6.6685,20,10.0,
Mn,0.0,28.5,0.0,10.0,,61.5,61.5,566.3221886307535,6.689,20,0.0,
Mn,0.0,28.5,0.0,10.0,,61.0,61.5,583.9998581604173,6.698,20,0.5,
Mn,0.0,28.5,0.0,10.0,,60.5,61.5,591.3221886307535,6.707,20,1.0,
Mn,0.0,28.5,0.0,10.0,,60.0,61.5,596.9408104155433,6.716,20,1.5,
Mn,0.0,28.5,0.0,10.0,,59.5,61.5,601.677527690081,6.725,20,2.0,
Mn,0.0,28.5,0.0,10.0,,59.0,61.5,605.8506593828583,6.734,20,2.5,
Mn,0.0,28.5,0.0,10.0,,58.5,61.5,609.6234588199754,6.743,20,3.0,
Mn,0.0,28.5,0.0,10.0,,58.0,61.5,613.0929059654278,6.752,20,3.5,
Mn,0.0,28.5,0.0,10.0,,57.5,61.5,616.3221886307535,6.761,20,4.0,
Mn,0.0,28.5,0.0,10.0,,57.0,61.5,619.3551972197446,6.7700000000000005,20,4.5,
Mn,0.0,28.5,0.0,10.0,,56.5,61.5,622.2238880682482,6.779,20,5.0,
Mn,0.0,28.5,0.0,10.0,,56.0,61.5,624.9523856285464,6.788,20,5.5,
Mn,0.0,28.5,0.0,10.0,,55.5,61.5,627.559432200333,6.797,20,6.0,
Mn,0.0,28.5,0.0,10.0,,55.0,61.5,630.0599325506633,6.806,20,6.5,
Mn,0.0,28.5,0.0,10.0,,54.5,61.5,632.4659714073683,6.815,20,7.0,
Mn,0.0,28.5,0.0,10.0,,54.0,61.5,634.7875083188993,6.824,20,7.5,
Mn,0.0,28.5,0.0,10.0,,53.5,61.5,637.0328667494083,6.833,20,8.0,
Mn,0.0,28.5,0.0,10.0,,53.0,61.5,639.2090873163198,6.8420000000000005,20,8.5,
Mn,0.0,28.5,0.0,10.0,,52.5,61.5,641.3221886307535,6.851,20,9.0,
Mn,0.0,28.5,0.0,10.0,,52.0,61.5,643.3773636678658,6.86,20,9.5,
Mn,0.0,28.5,0.0,10.0,,51.5,61.5,645.379130134963,6.869,20,10.0,
Mn,0.0,28.5,0.0,10.5,,61.0,63.15,575.6933113150196,6.8895,20,0.0,
Mn,0.0,28.5,0.0,10.5,,60.5,63.15,593.3709808446833,6.8985,20,0.5,
Mn,0.0,28.5,0.0,10.5,,60.0,63.15,600.6933113150196,6.9075,20,1.0,
Mn,0.0,28.5,0.0,10.5,,59.5,63.15,606.3119330998094,6.9165,20,1.5,
Mn,0.0,28.5,0.0,10.5,,59.0,63.15,611.0486503743471,6.9254999999999995,20,2.0,
Mn,0.0,28.5,0.0,10.5,,58.5,63.15,615.2217820671244,6.9345,20,2.5,
Mn,0.0,28.5,0.0,10.5,,58.0,63.15,618.9945815042415,6.9435,20,3.0,
Mn,0.0,28.5,0.0,10.5,,57.5,63.15,622.4640286496939,6.9525,20,3.5,
Mn,0.0,28.5,0.0,10.5,,57.0,63.15,625.6933113150196,6.9615,20,4.0,
Mn,0.0,28.5,0.0,10.5,,56.5,63.15,628.7263199040107,6.9705,20,4.5,
Mn,0.0,28.5,0.0,10.5,,56.0,63.15,631.5950107525143,6.9795,20,5.0,
Mn,0.0,28.5,0.0,10.5,,55.5,63.15,634.3235083128125,6.9885,20,5.5,
Mn,0.0,28.5,0.0,10.5,,55.0,63.15,636.9305548845991,6.9975,20,6.0,
Mn,0.0,28.5,0.0,10.5,,54.5,63.15,639.4310552349294,7.0065,20,6.5,
Mn,0.0,28.5,0.0,10.5,,54.0,63.15,641.8370940916344,7.0155,20,7.0,
Mn,0.0,28.5,0.0,10.5,,53.5,63.15,644.1586310031654,7.0245,20,7.5,
Mn,0.0,28.5,0.0,10.5,,53.0,63.15,646.4039894336744,7.0335,20,8.0,
Mn,0.0,28.5,0.0,10.5,,52.5,63.15,648.5802100005859,7.0425,20,8.5,
Mn,0.0,28.5,0.0,10.5,,52.0,63.15,650.6933113150196,7.0515,20,9.0,
Mn,0.0,28.5,0.0,10.5,,51.5,63.15,652.7484863521319,7.0605,20,9.5,
Mn,0.0,28.5,0.0,10.5,,51.0,63.15,654.7502528192291,7.0695,20,10.0,
Mn,0.0,29.0,0.0,9.5,,61.5,60.349999999999994,558.3456084278462,6.535500000000001,20,0.0,
Mn,0.0,29.0,0.0,9.5,,61.0,60.349999999999994,576.0232779575099,6.544500000000001,20,0.5,
Mn,0.0,29.0,0.0,9.5,,60.5,60.349999999999994,583.3456084278462,6.5535000000000005,20,1.0,
Mn,0.0,29.0,0.0,9.5,,60.0,60.349999999999994,588.9642302126359,6.562500000000001,20,1.5,
Mn,0.0,29.0,0.0,9.5,,59.5,60.349999999999994,593.7009474871736,6.5715,20,2.0,
Mn,0.0,29.0,0.0,9.5,,59.0,60.349999999999994,597.874079179951,6.580500000000001,20,2.5,
Mn,0.0,29.0,0.0,9.5,,58.5,60.349999999999994,601.6468786170681,6.589500000000001,20,3.0,
Mn,0.0,29.0,0.0,9.5,,58.0,60.349999999999994,605.1163257625204,6.5985000000000005,20,3.5,
Mn,0.0,29.0,0.0,9.5,,57.5,60.349999999999994,608.3456084278462,6.607500000000001,20,4.0,
Mn,0.0,29.0,0.0,9.5,,57.0,60.349999999999994,611.3786170168372,6.616500000000001,20,4.5,
Mn,0.0,29.0,0.0,9.5,,56.5,60.349999999999994,614.2473078653409,6.625500000000001,20,5.0,
Mn,0.0,29.0,0.0,9.5,,56.0,60.349999999999994,616.975805425639,6.634500000000001,20,5.5,
Mn,0.0,29.0,0.0,9.5,,55.5,60.349999999999994,619.5828519974257,6.6435,20,6.0,
Mn,0.0,29.0,0.0,9.5,,55.0,60.349999999999994,622.083352347756,6.652500000000001,20,6.5,
Mn,0.0,29.0,0.0,9.5,,54.5,60.349999999999994,624.489391204461,6.661500000000001,20,7.0,
Mn,0.0,29.0,0.0,9.5,,54.0,60.349999999999994,626.8109281159919,6.6705000000000005,20,7.5,
Mn,0.0,29.0,0.0,9.5,,53.5,60.349999999999994,629.0562865465009,6.679500000000001,20,8.0,
Mn,0.0,29.0,0.0,9.5,,53.0,60.349999999999994,631.2325071134125,6.688500000000001,20,8.5,
Mn,0.0,29.0,0.0,9.5,,52.5,60.349999999999994,633.3456084278462,6.697500000000001,20,9.0,
Mn,0.0,29.0,0.0,9.5,,52.0,60.349999999999994,635.4007834649584,6.706500000000001,20,9.5,
Mn,0.0,29.0,0.0,9.5,,51.5,60.349999999999994,637.4025499320556,6.7155000000000005,20,10.0,
Mn,0.0,29.0,0.0,10.0,,61.0,62.0,567.9540874699132,6.736000000000001,20,0.0,
Mn,0.0,29.0,0.0,10.0,,60.5,62.0,585.631756999577,6.745000000000001,20,0.5,
Mn,0.0,29.0,0.0,10.0,,60.0,62.0,592.9540874699132,6.7540000000000004,20,1.0,
Mn,0.0,29.0,0.0,10.0,,59.5,62.0,598.572709254703,6.763000000000001,20,1.5,
Mn,0.0,29.0,0.0,10.0,,59.0,62.0,603.3094265292407,6.772,20,2.0,
Mn,0.0,29.0,0.0,10.0,,58.5,62.0,607.482558222018,6.781000000000001,20,2.5,
Mn,0.0,29.0,0.0,10.0,,58.0,62.0,611.2553576591351,6.790000000000001,20,3.0,
Mn,0.0,29.0,0.0,10.0,,57.5,62.0,614.7248048045875,6.799,20,3.5,
Mn,0.0,29.0,0.0,10.0,,57.0,62.0,617.9540874699132,6.808000000000001,20,4.0,
Mn,0.0,29.0,0.0,10.0,,56.5,62.0,620.9870960589043,6.817000000000001,20,4.5,
Mn,0.0,29.0,0.0,10.0,,56.0,62.0,623.855786907408,6.8260000000000005,20,5.0,
Mn,0.0,29.0,0.0,10.0,,55.5,62.0,626.5842844677061,6.835000000000001,20,5.5,
Mn,0.0,29.0,0.0,10.0,,55.0,62.0,629.1913310394928,6.844,20,6.0,
Mn,0.0,29.0,0.0,10.0,,54.5,62.0,631.691831389823,6.853000000000001,20,6.5,
Mn,0.0,29.0,0.0,10.0,,54.0,62.0,634.097870246528,6.862000000000001,20,7.0,
Mn,0.0,29.0,0.0,10.0,,53.5,62.0,636.419407158059,6.871,20,7.5,
Mn,0.0,29.0,0.0,10.0,,53.0,62.0,638.664765588568,6.880000000000001,20,8.0,
Mn,0.0,29.0,0.0,10.0,,52.5,62.0,640.8409861554795,6.889000000000001,20,8.5,
Mn,0.0,29.0,0.0,10.0,,52.0,62.0,642.9540874699132,6.898000000000001,20,9.0,
Mn,0.0,29.0,0.0,10.0,,51.5,62.0,645.0092625070255,6.907000000000001,20,9.5,
Mn,0.0,29.0,0.0,10.0,,51.0,62.0,647.0110289741227,6.916,20,10.0,
Mn,0.0,29.0,0.0,10.5,,60.5,63.65,577.3252101541793,6.9365,20,0.0,
Mn,0.0,29.0,0.0,10.5,,60.0,63.65,595.002879683843,6.9455,20,0.5,
Mn,0.0,29.0,0.0,10.5,,59.5,63.65,602.3252101541793,6.9544999999999995,20,1.0,
Mn,0.0,29.0,0.0,10.5,,59.0,63.65,607.9438319389691,6.9635,20,1.5,
Mn,0.0,29.0,0.0,10.5,,58.5,63.65,612.6805492135068,6.972499999999999,20,2.0,
Mn,0.0,29.0,0.0,10.5,,58.0,63.65,616.8536809062841,6.9815,20,2.5,
Mn,0.0,29.0,0.0,10.5,,57.5,63.65,620.6264803434012,6.9905,20,3.0,
Mn,0.0,29.0,0.0,10.5,,57.0,63.65,624.0959274888536,6.999499999999999,20,3.5,
Mn,0.0,29.0,0.0,10.5,,56.5,63.65,627.3252101541793,7.0085,20,4.0,
Mn,0.0,29.0,0.0,10.5,,56.0,63.65,630.3582187431704,7.0175,20,4.5,
Mn,0.0,29.0,0.0,10.5,,55.5,63.65,633.226909591674,7.0264999999999995,20,5.0,
Mn,0.0,29.0,0.0,10.5,,55.0,63.65,635.9554071519722,7.0355,20,5.5,
Mn,0.0,29.0,0.0,10.5,,54.5,63.65,638.5624537237588,7.044499999999999,20,6.0,
Mn,0.0,29.0,0.0,10.5,,54.0,63.65,641.0629540740891,7.0535,20,6.5,
Mn,0.0,29.0,0.0,10.5,,53.5,63.65,643.4689929307941,7.0625,20,7.0,
Mn,0.0,29.0,0.0,10.5,,53.0,63.65,645.7905298423251,7.0714999999999995,20,7.5,
Mn,0.0,29.0,0.0,10.5,,52.5,63.65,648.0358882728341,7.0805,20,8.0,
Mn,0.0,29.0,0.0,10.5,,52.0,63.65,650.2121088397456,7.089499999999999,20,8.5,
Mn,0.0,29.0,0.0,10.5,,51.5,63.65,652.3252101541793,7.0985,20,9.0,
Mn,0.0,29.0,0.0,10.5,,51.0,63.65,654.3803851912916,7.1075,20,9.5,
Mn,0.0,29.0,0.0,10.5,,50.5,63.65,656.3821516583888,7.116499999999999,20,10.0,
Si,0.0,27.0,0.0,9.5,,63.5,58.349999999999994,551.7301749728706,6.3475,20,,0.0
Si,0.0,27.0,0.0,9.5,,63.0,58.349999999999994,565.8723105966016,6.356,20,,0.5
Si,0.0,27.0,0.0,9.5,,62.5,58.349999999999994,571.7301749728706,6.3645000000000005,20,,1.0
Si,0.0,27.0,0.0,9.5,,62.0,58.349999999999994,576.2250724007024,6.373,20,,1.5
Si,0.0,27.0,0.0,9.5,,61.5,58.349999999999994,580.0144462203325,6.3815,20,,2.0
Si,0.0,27.0,0.0,9.5,,61.0,58.349999999999994,583.3529515745544,6.390000000000001,20,,2.5
Si,0.0,27.0,0.0,9.5,,60.5,58.349999999999994,586.3711911242482,6.3985,20,,3.0
Si,0.0,27.0,0.0,9.5,,60.0,58.349999999999994,589.14674884061,6.407,20,,3.5
Si,0.0,27.0,0.0,9.5,,59.5,58.349999999999994,591.7301749728706,6.4155,20,,4.0
Si,0.0,27.0,0.0,9.5,,59.0,58.349999999999994,594.1565818440635,6.424,20,,4.5
Si,0.0,27.0,0.0,9.5,,58.5,58.349999999999994,596.4515345228664,6.4325,20,,5.0
Si,0.0,27.0,0.0,9.5,,58.0,58.349999999999994,598.6343325711049,6.441,20,,5.5
Si,0.0,27.0,0.0,9.5,,57.5,58.349999999999994,600.7199698285342,6.4495000000000005,20,,6.0
Si,0.0,27.0,0.0,9.5,,57.0,58.349999999999994,602.7203701087984,6.458,20,,6.5
Si,0.0,27.0,0.0,9.5,,56.5,58.349999999999994,604.6452011941624,6.4665,20,,7.0
Si,0.0,27.0,0.0,9.5,,56.0,58.349999999999994,606.5024307233872,6.4750000000000005,20,,7.5
Si,0.0,27.0,0.0,9.5,,55.5,58.349999999999994,608.2987174677944,6.4835,20,,8.0
Si,0.0,27.0,0.0,9.5,,55.0,58.349999999999994,610.0396939213236,6.492,20,,8.5
Si,0.0,27.0,0.0,9.5,,54.5,58.349999999999994,611.7301749728706,6.5005,20,,9.0
Si,0.0,27.0,0.0,9.5,,54.0,58.349999999999994,613.3743150025604,6.509,20,,9.5
Si,0.0,27.0,0.0,9.5,,53.5,58.349999999999994,614.9757281762381,6.5175,20,,10.0
Si,0.0,27.0,0.0,10.0,,63.0,60.0,561.3386540149377,6.548000000000001,20,,0.0
Si,0.0,27.0,0.0,10.0,,62.5,60.0,575.4807896386686,6.556500000000001,20,,0.5
Si,0.0,27.0,0.0,10.0,,62.0,60.0,581.3386540149377,6.565000000000001,20,,1.0
Si,0.0,27.0,0.0,10.0,,61.5,60.0,585.8335514427695,6.573500000000001,20,,1.5
Si,0.0,27.0,0.0,10.0,,61.0,60.0,589.6229252623996,6.582000000000001,20,,2.0
Si,0.0,27.0,0.0,10.0,,60.5,60.0,592.9614306166214,6.590500000000001,20,,2.5
Si,0.0,27.0,0.0,10.0,,60.0,60.0,595.9796701663153,6.599000000000001,20,,3.0
Si,0.0,27.0,0.0,10.0,,59.5,60.0,598.7552278826771,6.607500000000001,20,,3.5
Si,0.0,27.0,0.0,10.0,,59.0,60.0,601.3386540149377,6.6160000000000005,20,,4.0
Si,0.0,27.0,0.0,10.0,,58.5,60.0,603.7650608861305,6.624500000000001,20,,4.5
Si,0.0,27.0,0.0,10.0,,58.0,60.0,606.0600135649335,6.633000000000001,20,,5.0
Si,0.0,27.0,0.0,10.0,,57.5,60.0,608.242811613172,6.641500000000001,20,,5.5
Si,0.0,27.0,0.0,10.0,,57.0,60.0,610.3284488706013,6.650000000000001,20,,6.0
Si,0.0,27.0,0.0,10.0,,56.5,60.0,612.3288491508655,6.658500000000001,20,,6.5
Si,0.0,27.0,0.0,10.0,,56.0,60.0,614.2536802362295,6.667000000000001,20,,7.0
Si,0.0,27.0,0.0,10.0,,55.5,60.0,616.1109097654543,6.675500000000001,20,,7.5
Si,0.0,27.0,0.0,10.0,,55.0,60.0,617.9071965098615,6.684000000000001,20,,8.0
Si,0.0,27.0,0.0,10.0,,54.5,60.0,619.6481729633907,6.692500000000001,20,,8.5
Si,0.0,27.0,0.0,10.0,,54.0,60.0,621.3386540149377,6.7010000000000005,20,,9.0
Si,0.0,27.0,0.0,10.0,,53.5,60.0,622.9827940446274,6.709500000000001,20,,9.5
Si,0.0,27.0,0.0,10.0,,53.0,60.0,624.5842072183052,6.718000000000001,20,,10.0
Si,0.0,27.0,0.0,10.5,,62.5,61.65,570.7097766992038,6.7485,20,,0.0
Si,0.0,27.0,0.0,10.5,,62.0,61.65,584.8519123229347,6.757,20,,0.5
Si,0.0,27.0,0.0,10.5,,61.5,61.65,590.7097766992038,6.7655,20,,1.0
Si,0.0,27.0,0.0,10.5,,61.0,61.65,595.2046741270356,6.774,20,,1.5
Si,0.0,27.0,0.0,10.5,,60.5,61.65,598.9940479466657,6.7825,20,,2.0
Si,0.0,27.0,0.0,10.5,,60.0,61.65,602.3325533008875,6.791,20,,2.5
Si,0.0,27.0,0.0,10.5,,59.5,61.65,605.3507928505813,6.7995,20,,3.0
Si,0.0,27.0,0.0,10.5,,59.0,61.65,608.1263505669432,6.808,20,,3.5
Si,0.0,27.0,0.0,10.5,,58.5,61.65,610.7097766992038,6.8165,20,,4.0
Si,0.0,27.0,0.0,10.5,,58.0,61.65,613.1361835703966,6.825,20,,4.5
Si,0.0,27.0,0.0,10.5,,57.5,61.65,615.4311362491995,6.8335,20,,5.0
Si,0.0,27.0,0.0,10.5,,57.0,61.65,617.613934297438,6.842,20,,5.5
Si,0.0,27.0,0.0,10.5,,56.5,61.65,619.6995715548674,6.8505,20,,6.0
Si,0.0,27.0,0.0,10.5,,56.0,61.65,621.6999718351316,6.859,20,,6.5
Si,0.0,27.0,0.0,10.5,,55.5,61.65,623.6248029204955,6.8675,20,,7.0
Si,0.0,27.0,0.0,10.5,,55.0,61.65,625.4820324497204,6.876,20,,7.5
Si,0.0,27.0,0.0,10.5,,54.5,61.65,627.2783191941276,6.8845,20,,8.0
Si,0.0,27.0,0.0,10.5,,54.0,61.65,629.0192956476568,6.893,20,,8.5
Si,0.0,27.0,0.0,10.5,,53.5,61.65,630.7097766992038,6.9014999999999995,20,,9.0
Si,0.0,27.0,0.0,10.5,,53.0,61.65,632.3539167288935,6.91,20,,9.5
Si,0.0,27.0,0.0,10.5,,52.5,61.65,633.9553299025713,6.9185,20,,10.0
Si,0.0,27.5,0.0,9.5,,63.0,58.849999999999994,553.406388607915,6.394500000000001,20,,0.0
Si,0.0,27.5,0.0,9.5,,62.5,58.849999999999994,567.548524231646,6.4030000000000005,20,,0.5
Si,0.0,27.5,0.0,9.5,,62.0,58.849999999999994,573.406388607915,6.411500000000001,20,,1.0
Si,0.0,27.5,0.0,9.5,,61.5,58.849999999999994,577.9012860357468,6.420000000000001,20,,1.5
Si,0.0,27.5,0.0,9.5,,61.0,58.849999999999994,581.6906598553769,6.4285000000000005,20,,2.0
Si,0.0,27.5,0.0,9.5,,60.5,58.849999999999994,585.0291652095988,6.437000000000001,20,,2.5
Si,0.0,27.5,0.0,9.5,,60.0,58.849999999999994,588.0474047592926,6.445500000000001,20,,3.0
Si,0.0,27.5,0.0,9.5,,59.5,58.849999999999994,590.8229624756544,6.454000000000001,20,,3.5
Si,0.0,27.5,0.0,9.5,,59.0,58.849999999999994,593.406388607915,6.4625,20,,4.0
Si,0.0,27.5,0.0,9.5,,58.5,58.849999999999994,595.8327954791079,6.471000000000001,20,,4.5
Si,0.0,27.5,0.0,9.5,,58.0,58.849999999999994,598.1277481579108,6.479500000000001,20,,5.0
Si,0.0,27.5,0.0,9.5,,57.5,58.849999999999994,600.3105462061493,6.488,20,,5.5
Si,0.0,27.5,0.0,9.5,,57.0,58.849999999999994,602.3961834635786,6.496500000000001,20,,6.0
Si,0.0,27.5,0.0,9.5,,56.5,58.849999999999994,604.3965837438428,6.505000000000001,20,,6.5
Si,0.0,27.5,0.0,9.5,,56.0,58.849999999999994,606.3214148292068,6.5135000000000005,20,,7.0
Si,0.0,27.5,0.0,9.5,,55.5,58.849999999999994,608.1786443584316,6.522000000000001,20,,7.5
Si,0.0,27.5,0.0,9.5,,55.0,58.849999999999994,609.9749311028388,6.530500000000001,20,,8.0
Si,0.0,27.5,0.0,9.5,,54.5,58.849999999999994,611.715907556368,6.539000000000001,20,,8.5
Si,0.0,27.5,0.0,9.5,,54.0,58.849999999999994,613.406388607915,6.5475,20,,9.0
Si,0.0,27.5,0.0,9.5,,53.5,58.849999999999994,615.0505286376048,6.556000000000001,20,,9.5
Si,0.0,27.5,0.0,9.5,,53.0,58.849999999999994,616.6519418112825,6.564500000000001,20,,10.0
Si,0.0,27.5,0.0,10.0,,62.5,60.5,563.0148676499821,6.595000000000001,20,,0.0
Si,0.0,27.5,0.0,10.0,,62.0,60.5,577.157003273713,6.6035,20,,0.5
Si,0.0,27.5,0.0,10.0,,61.5,60.5,583.0148676499821,6.612000000000001,20,,1.0
Si,0.0,27.5,0.0,10.0,,61.0,60.5,587.5097650778139,6.620500000000001,20,,1.5
Si,0.0,27.5,0.0,10.0,,60.5,60.5,591.299138897444,6.6290000000000004,20,,2.0
Si,0.0,27.5,0.0,10.0,,60.0,60.5,594.6376442516658,6.637500000000001,20,,2.5
Si,0.0,27.5,0.0,10.0,,59.5,60.5,597.6558838013597,6.646000000000001,20,,3.0
Si,0.0,27.5,0.0,10.0,,59.0,60.5,600.4314415177215,6.6545000000000005,20,,3.5
Si,0.0,27.5,0.0,10.0,,58.5,60.5,603.0148676499821,6.663,20,,4.0
Si,0.0,27.5,0.0,10.0,,58.0,60.5,605.4412745211749,6.671500000000001,20,,4.5
Si,0.0,27.5,0.0,10.0,,57.5,60.5,607.7362271999779,6.680000000000001,20,,5.0
Si,0.0,27.5,0.0,10.0,,57.0,60.5,609.9190252482164,6.6885,20,,5.5
Si,0.0,27.5,0.0,10.0,,56.5,60.5,612.0046625056457,6.697000000000001,20,,6.0
Si,0.0,27.5,0.0,10.0,,56.0,60.5,614.0050627859099,6.705500000000001,20,,6.5
Si,0.0,27.5,0.0,10.0,,55.5,60.5,615.9298938712739,6.714,20,,7.0
Si,0.0,27.5,0.0,10.0,,55.0,60.5,617.7871234004987,6.722500000000001,20,,7.5
Si,0.0,27.5,0.0,10.0,,54.5,60.5,619.5834101449059,6.731000000000001,20,,8.0
Si,0.0,27.5,0.0,10.0,,54.0,60.5,621.3243865984351,6.7395000000000005,20,,8.5
Si,0.0,27.5,0.0,10.0,,53.5,60.5,623.0148676499821,6.748,20,,9.0
Si,0.0,27.5,0.0,10.0,,53.0,60.5,624.6590076796718,6.756500000000001,20,,9.5
Si,0.0,27.5,0.0,10.0,,52.5,60.5,626.2604208533496,6.765000000000001,20,,10.0
Si,0.0,27.5,0.0,10.5,,62.0,62.15,572.3859903342482,6.7955000000000005,20,,0.0
Si,0.0,27.5,0.0,10.5,,61.5,62.15,586.5281259579791,6.804,20,,0.5
Si,0.0,27.5,0.0,10.5,,61.0,62.15,592.3859903342482,6.812500000000001,20,,1.0
Si,0.0,27.5,0.0,10.5,,60.5,62.15,596.88088776208,6.821000000000001,20,,1.5
Si,0.0,27.5,0.0,10.5,,60.0,62.15,600.6702615817101,6.8295,20,,2.0
Si,0.0,27.5,0.0,10.5,,59.5,62.15,604.0087669359319,6.838000000000001,20,,2.5
Si,0.0,27.5,0.0,10.5,,59.0,62.15,607.0270064856257,6.846500000000001,20,,3.0
Si,0.0,27.5,0.0,10.5,,58.5,62.15,609.8025642019876,6.855,20,,3.5
Si,0.0,27.5,0.0,10.5,,58.0,62.15,612.3859903342482,6.8635,20,,4.0
Si,0.0,27.5,0.0,10.5,,57.5,62.15,614.812397205441,6.872000000000001,20,,4.5
Si,0.0,27.5,0.0,10.5,,57.0,62.15,617.107349884244,6.8805000000000005,20,,5.0
Si,0.0,27.5,0.0,10.5,,56.5,62.15,619.2901479324825,6.889,20,,5.5
Si,0.0,27.5,0.0,10.5,,56.0,62.15,621.3757851899118,6.897500000000001,20,,6.0
Si,0.0,27.5,0.0,10.5,,55.5,62.15,623.376185470176,6.906000000000001,20,,6.5
Si,0.0,27.5,0.0,10.5,,55.0,62.15,625.30101655554,6.9145,20,,7.0
Si,0.0,27.5,0.0,10.5,,54.5,62.15,627.1582460847648,6.923000000000001,20,,7.5
Si,0.0,27.5,0.0,10.5,,54.0,62.15,628.954532829172,6.931500000000001,20,,8.0
Si,0.0,27.5,0.0,10.5,,53.5,62.15,630.6955092827012,6.94,20,,8.5
Si,0.0,27.5,0.0,10.5,,53.0,62.15,632.3859903342482,6.9485,20,,9.0
Si,0.0,27.5,0.0,10.5,,52.5,62.15,634.0301303639379,6.957000000000001,20,,9.5
Si,0.0,27.5,0.0,10.5,,52.0,62.15,635.6315435376157,6.9655000000000005,20,,10.0
Si,0.0,28.0,0.0,9.5,,62.5,59.349999999999994,555.06743195266,6.441500000000001,20,,0.0
Si,0.0,28.0,0.0,9.5,,62.0,59.349999999999994,569.2095675763909,6.450000000000001,20,,0.5
Si,0.0,28.0,0.0,9.5,,61.5,59.349999999999994,575.06743195266,6.458500000000002,20,,1.0
Si,0.0,28.0,0.0,9.5,,61.0,59.349999999999994,579.5623293804917,6.467000000000001,20,,1.5
Si,0.0,28.0,0.0,9.5,,60.5,59.349999999999994,583.3517032001218,6.475500000000001,20,,2.0
Si,0.0,28.0,0.0,9.5,,60.0,59.349999999999994,586.6902085543437,6.484000000000002,20,,2.5
Si,0.0,28.0,0.0,9.5,,59.5,59.349999999999994,589.7084481040375,6.4925000000000015,20,,3.0
Si,0.0,28.0,0.0,9.5,,59.0,59.349999999999994,592.4840058203994,6.501000000000001,20,,3.5
Si,0.0,28.0,0.0,9.5,,58.5,59.349999999999994,595.06743195266,6.509500000000001,20,,4.0
Si,0.0,28.0,0.0,9.5,,58.0,59.349999999999994,597.4938388238528,6.518000000000002,20,,4.5
Si,0.0,28.0,0.0,9.5,,57.5,59.349999999999994,599.7887915026557,6.526500000000001,20,,5.0
Si,0.0,28.0,0.0,9.5,,57.0,59.349999999999994,601.9715895508942,6.535000000000001,20,,5.5
Si,0.0,28.0,0.0,9.5,,56.5,59.349999999999994,604.0572268083235,6.543500000000002,20,,6.0
Si,0.0,28.0,0.0,9.5,,56.0,59.349999999999994,606.0576270885878,6.552000000000001,20,,6.5
Si,0.0,28.0,0.0,9.5,,55.5,59.349999999999994,607.9824581739517,6.560500000000001,20,,7.0
Si,0.0,28.0,0.0,9.5,,55.0,59.349999999999994,609.8396877031765,6.569000000000002,20,,7.5
Si,0.0,28.0,0.0,9.5,,54.5,59.349999999999994,611.6359744475837,6.5775000000000015,20,,8.0
Si,0.0,28.0,0.0,9.5,,54.0,59.349999999999994,613.376950901113,6.586000000000001,20,,8.5
Si,0.0,28.0,0.0,9.5,,53.5,59.349999999999994,615.06743195266,6.594500000000001,20,,9.0
Si,0.0,28.0,0.0,9.5,,53.0,59.349999999999994,616.7115719823497,6.6030000000000015,20,,9.5
Si,0.0,28.0,0.0,9.5,,52.5,59.349999999999994,618.3129851560275,6.611500000000001,20,,10.0
Si,0.0,28.0,0.0,10.0,,62.0,61.0,564.6759109947269,6.642000000000001,20,,0.0
Si,0.0,28.0,0.0,10.0,,61.5,61.0,578.8180466184579,6.650500000000001,20,,0.5
Si,0.0,28.0,0.0,10.0,,61.0,61.0,584.6759109947269,6.659000000000002,20,,1.0
Si,0.0,28.0,0.0,10.0,,60.5,61.0,589.1708084225587,6.667500000000001,20,,1.5
Si,0.0,28.0,0.0,10.0,,60.0,61.0,592.9601822421888,6.676000000000001,20,,2.0
Si,0.0,28.0,0.0,10.0,,59.5,61.0,596.2986875964107,6.684500000000002,20,,2.5
Si,0.0,28.0,0.0,10.0,,59.0,61.0,599.3169271461045,6.693000000000001,20,,3.0
Si,0.0,28.0,0.0,10.0,,58.5,61.0,602.0924848624663,6.701500000000001,20,,3.5
Si,0.0,28.0,0.0,10.0,,58.0,61.0,604.6759109947269,6.710000000000001,20,,4.0
Si,0.0,28.0,0.0,10.0,,57.5,61.0,607.1023178659198,6.7185000000000015,20,,4.5
Si,0.0,28.0,0.0,10.0,,57.0,61.0,609.3972705447227,6.727000000000001,20,,5.0
Si,0.0,28.0,0.0,10.0,,56.5,61.0,611.5800685929612,6.735500000000001,20,,5.5
Si,0.0,28.0,0.0,10.0,,56.0,61.0,613.6657058503905,6.7440000000000015,20,,6.0
Si,0.0,28.0,0.0,10.0,,55.5,61.0,615.6661061306547,6.752500000000001,20,,6.5
Si,0.0,28.0,0.0,10.0,,55.0,61.0,617.5909372160187,6.761000000000001,20,,7.0
Si,0.0,28.0,0.0,10.0,,54.5,61.0,619.4481667452435,6.769500000000002,20,,7.5
Si,0.0,28.0,0.0,10.0,,54.0,61.0,621.2444534896507,6.778000000000001,20,,8.0
Si,0.0,28.0,0.0,10.0,,53.5,61.0,622.98542994318,6.786500000000001,20,,8.5
Si,0.0,28.0,0.0,10.0,,53.0,61.0,624.6759109947269,6.795000000000001,20,,9.0
Si,0.0,28.0,0.0,10.0,,52.5,61.0,626.3200510244167,6.803500000000001,20,,9.5
Si,0.0,28.0,0.0,10.0,,52.0,61.0,627.9214641980946,6.812000000000001,20,,10.0
Si,0.0,28.0,0.0,10.5,,61.5,62.65,574.047033678993,6.8425,20,,0.0
Si,0.0,28.0,0.0,10.5,,61.0,62.65,588.1891693027239,6.851,20,,0.5
Si,0.0,28.0,0.0,10.5,,60.5,62.65,594.047033678993,6.859500000000001,20,,1.0
Si,0.0,28.0,0.0,10.5,,60.0,62.65,598.5419311068248,6.868,20,,1.5
Si,0.0,28.0,0.0,10.5,,59.5,62.65,602.3313049264549,6.8765,20,,2.0
Si,0.0,28.0,0.0,10.5,,59.0,62.65,605.6698102806768,6.885000000000001,20,,2.5
Si,0.0,28.0,0.0,10.5,,58.5,62.65,608.6880498303706,6.8935,20,,3.0
Si,0.0,28.0,0.0,10.5,,58.0,62.65,611.4636075467324,6.902,20,,3.5
Si,0.0,28.0,0.0,10.5,,57.5,62.65,614.047033678993,6.9105,20,,4.0
Si,0.0,28.0,0.0,10.5,,57.0,62.65,616.4734405501858,6.9190000000000005,20,,4.5
Si,0.0,28.0,0.0,10.5,,56.5,62.65,618.7683932289888,6.9275,20,,5.0
Si,0.0,28.0,0.0,10.5,,56.0,62.65,620.9511912772273,6.936,20,,5.5
Si,0.0,28.0,0.0,10.5,,55.5,62.65,623.0368285346566,6.944500000000001,20,,6.0
Si,0.0,28.0,0.0,10.5,,55.0,62.65,625.0372288149208,6.953,20,,6.5
Si,0.0,28.0,0.0,10.5,,54.5,62.65,626.9620599002848,6.9615,20,,7.0
Si,0.0,28.0,0.0,10.5,,54.0,62.65,628.8192894295096,6.970000000000001,20,,7.5
Si,0.0,28.0,0.0,10.5,,53.5,62.65,630.6155761739168,6.9785,20,,8.0
Si,0.0,28.0,0.0,10.5,,53.0,62.65,632.356552627446,6.987,20,,8.5
Si,0.0,28.0,0.0,10.5,,52.5,62.65,634.047033678993,6.9955,20,,9.0
Si,0.0,28.0,0.0,10.5,,52.0,62.65,635.6911737086828,7.0040000000000004,20,,9.5
Si,0.0,28.0,0.0,10.5,,51.5,62.65,637.2925868823606,7.0125,20,,10.0
Si,0.0,28.5,0.0,9.5,,62.0,59.849999999999994,556.7137095886865,6.4885,20,,0.0
Si,0.0,28.5,0.0,9.5,,61.5,59.849999999999994,570.8558452124174,6.497,20,,0.5
Si,0.0,28.5,0.0,9.5,,61.0,59.849999999999994,576.7137095886865,6.5055000000000005,20,,1.0
Si,0.0,28.5,0.0,9.5,,60.5,59.849999999999994,581.2086070165183,6.514,20,,1.5
Si,0.0,28.5,0.0,9.5,,60.0,59.849999999999994,584.9979808361484,6.5225,20,,2.0
Si,0.0,28.5,0.0,9.5,,59.5,59.849999999999994,588.3364861903702,6.531000000000001,20,,2.5
Si,0.0,28.5,0.0,9.5,,59.0,59.849999999999994,591.354725740064,6.5395,20,,3.0
Si,0.0,28.5,0.0,9.5,,58.5,59.849999999999994,594.1302834564259,6.548,20,,3.5
Si,0.0,28.5,0.0,9.5,,58.0,59.849999999999994,596.7137095886865,6.5565,20,,4.0
Si,0.0,28.5,0.0,9.5,,57.5,59.849999999999994,599.1401164598793,6.565,20,,4.5
Si,0.0,28.5,0.0,9.5,,57.0,59.849999999999994,601.4350691386823,6.5735,20,,5.0
Si,0.0,28.5,0.0,9.5,,56.5,59.849999999999994,603.6178671869208,6.582,20,,5.5
Si,0.0,28.5,0.0,9.5,,56.0,59.849999999999994,605.7035044443501,6.5905000000000005,20,,6.0
Si,0.0,28.5,0.0,9.5,,55.5,59.849999999999994,607.7039047246143,6.599,20,,6.5
Si,0.0,28.5,0.0,9.5,,55.0,59.849999999999994,609.6287358099783,6.6075,20,,7.0
Si,0.0,28.5,0.0,9.5,,54.5,59.849999999999994,611.4859653392031,6.6160000000000005,20,,7.5
Si,0.0,28.5,0.0,9.5,,54.0,59.849999999999994,613.2822520836103,6.6245,20,,8.0
Si,0.0,28.5,0.0,9.5,,53.5,59.849999999999994,615.0232285371395,6.633,20,,8.5
Si,0.0,28.5,0.0,9.5,,53.0,59.849999999999994,616.7137095886865,6.6415,20,,9.0
Si,0.0,28.5,0.0,9.5,,52.5,59.849999999999994,618.3578496183762,6.65,20,,9.5
Si,0.0,28.5,0.0,9.5,,52.0,59.849999999999994,619.959262792054,6.6585,20,,10.0
Si,0.0,28.5,0.0,10.0,,61.5,61.5,566.3221886307535,6.689,20,,0.0
Si,0.0,28.5,0.0,10.0,,61.0,61.5,580.4643242544845,6.6975,20,,0.5
Si,0.0,28.5,0.0,10.0,,60.5,61.5,586.3221886307535,6.706,20,,1.0
Si,0.0,28.5,0.0,10.0,,60.0,61.5,590.8170860585853,6.7145,20,,1.5
Si,0.0,28.5,0.0,10.0,,59.5,61.5,594.6064598782154,6.723,20,,2.0
Si,0.0,28.5,0.0,10.0,,59.0,61.5,597.9449652324373,6.7315000000000005,20,,2.5
Si,0.0,28.5,0.0,10.0,,58.5,61.5,600.9632047821311,6.74,20,,3.0
Si,0.0,28.5,0.0,10.0,,58.0,61.5,603.738762498493,6.7485,20,,3.5
Si,0.0,28.5,0.0,10.0,,57.5,61.5,606.3221886307535,6.757,20,,4.0
Si,0.0,28.5,0.0,10.0,,57.0,61.5,608.7485955019464,6.7655,20,,4.5
Si,0.0,28.5,0.0,10.0,,56.5,61.5,611.0435481807493,6.774,20,,5.0
Si,0.0,28.5,0.0,10.0,,56.0,61.5,613.2263462289878,6.7825,20,,5.5
Si,0.0,28.5,0.0,10.0,,55.5,61.5,615.3119834864171,6.791,20,,6.0
Si,0.0,28.5,0.0,10.0,,55.0,61.5,617.3123837666814,6.7995,20,,6.5
Si,0.0,28.5,0.0,10.0,,54.5,61.5,619.2372148520453,6.808,20,,7.0
Si,0.0,28.5,0.0,10.0,,54.0,61.5,621.0944443812701,6.8165000000000004,20,,7.5
Si,0.0,28.5,0.0,10.0,,53.5,61.5,622.8907311256773,6.825,20,,8.0
Si,0.0,28.5,0.0,10.0,,53.0,61.5,624.6317075792066,6.8335,20,,8.5
Si,0.0,28.5,0.0,10.0,,52.5,61.5,626.3221886307535,6.842,20,,9.0
Si,0.0,28.5,0.0,10.0,,52.0,61.5,627.9663286604433,6.8505,20,,9.5
Si,0.0,28.5,0.0,10.0,,51.5,61.5,629.5677418341211,6.859,20,,10.0
Si,0.0,28.5,0.0,10.5,,61.0,63.15,575.6933113150196,6.8895,20,,0.0
Si,0.0,28.5,0.0,10.5,,60.5,63.15,589.8354469387506,6.898,20,,0.5
Si,0.0,28.5,0.0,10.5,,60.0,63.15,595.6933113150196,6.9065,20,,1.0
Si,0.0,28.5,0.0,10.5,,59.5,63.15,600.1882087428514,6.915,20,,1.5
Si,0.0,28.5,0.0,10.5,,59.0,63.15,603.9775825624815,6.9235,20,,2.0
Si,0.0,28.5,0.0,10.5,,58.5,63.15,607.3160879167034,6.932,20,,2.5
Si,0.0,28.5,0.0,10.5,,58.0,63.15,610.3343274663972,6.9405,20,,3.0
Si,0.0,28.5,0.0,10.5,,57.5,63.15,613.1098851827591,6.949,20,,3.5
Si,0.0,28.5,0.0,10.5,,57.0,63.15,615.6933113150196,6.9575,20,,4.0
Si,0.0,28.5,0.0,10.5,,56.5,63.15,618.1197181862125,6.966,20,,4.5
Si,0.0,28.5,0.0,10.5,,56.0,63.15,620.4146708650154,6.9745,20,,5.0
Si,0.0,28.5,0.0,10.5,,55.5,63.15,622.5974689132539,6.983,20,,5.5
Si,0.0,28.5,0.0,10.5,,55.0,63.15,624.6831061706832,6.9915,20,,6.0
Si,0.0,28.5,0.0,10.5,,54.5,63.15,626.6835064509474,7.0,20,,6.5
Si,0.0,28.5,0.0,10.5,,54.0,63.15,628.6083375363114,7.0085,20,,7.0
Si,0.0,28.5,0.0,10.5,,53.5,63.15,630.4655670655362,7.017,20,,7.5
Si,0.0,28.5,0.0,10.5,,53.0,63.15,632.2618538099434,7.0255,20,,8.0
Si,0.0,28.5,0.0,10.5,,52.5,63.15,634.0028302634727,7.034,20,,8.5
Si,0.0,28.5,0.0,10.5,,52.0,63.15,635.6933113150196,7.0424999999999995,20,,9.0
Si,0.0,28.5,0.0,10.5,,51.5,63.15,637.3374513447094,7.051,20,,9.5
Si,0.0,28.5,0.0,10.5,,51.0,63.15,638.9388645183872,7.0595,20,,10.0
Si,0.0,29.0,0.0,9.5,,61.5,60.349999999999994,558.3456084278462,6.535500000000001,20,,0.0
Si,0.0,29.0,0.0,9.5,,61.0,60.349999999999994,572.4877440515771,6.5440000000000005,20,,0.5
Si,0.0,29.0,0.0,9.5,,60.5,60.349999999999994,578.3456084278462,6.552500000000001,20,,1.0
Si,0.0,29.0,0.0,9.5,,60.0,60.349999999999994,582.840505855678,6.561000000000001,20,,1.5
Si,0.0,29.0,0.0,9.5,,59.5,60.349999999999994,586.6298796753081,6.569500000000001,20,,2.0
Si,0.0,29.0,0.0,9.5,,59.0,60.349999999999994,589.9683850295299,6.578000000000001,20,,2.5
Si,0.0,29.0,0.0,9.5,,58.5,60.349999999999994,592.9866245792238,6.586500000000001,20,,3.0
Si,0.0,29.0,0.0,9.5,,58.0,60.349999999999994,595.7621822955856,6.595000000000001,20,,3.5
Si,0.0,29.0,0.0,9.5,,57.5,60.349999999999994,598.3456084278462,6.6035,20,,4.0
Si,0.0,29.0,0.0,9.5,,57.0,60.349999999999994,600.772015299039,6.612000000000001,20,,4.5
Si,0.0,29.0,0.0,9.5,,56.5,60.349999999999994,603.066967977842,6.620500000000001,20,,5.0
Si,0.0,29.0,0.0,9.5,,56.0,60.349999999999994,605.2497660260805,6.6290000000000004,20,,5.5
Si,0.0,29.0,0.0,9.5,,55.5,60.349999999999994,607.3354032835098,6.637500000000001,20,,6.0
Si,0.0,29.0,0.0,9.5,,55.0,60.349999999999994,609.335803563774,6.646000000000001,20,,6.5
Si,0.0,29.0,0.0,9.5,,54.5,60.349999999999994,611.260634649138,6.6545000000000005,20,,7.0
Si,0.0,29.0,0.0,9.5,,54.0,60.349999999999994,613.1178641783628,6.663000000000001,20,,7.5
Si,0.0,29.0,0.0,9.5,,53.5,60.349999999999994,614.91415092277,6.671500000000001,20,,8.0
Si,0.0,29.0,0.0,9.5,,53.0,60.349999999999994,616.6551273762992,6.680000000000001,20,,8.5
Si,0.0,29.0,0.0,9.5,,52.5,60.349999999999994,618.3456084278462,6.6885,20,,9.0
Si,0.0,29.0,0.0,9.5,,52.0,60.349999999999994,619.9897484575359,6.697000000000001,20,,9.5
Si,0.0,29.0,0.0,9.5,,51.5,60.349999999999994,621.5911616312137,6.705500000000001,20,,10.0
Si,0.0,29.0,0.0,10.0,,61.0,62.0,567.9540874699132,6.736000000000001,20,,0.0
Si,0.0,29.0,0.0,10.0,,60.5,62.0,582.0962230936442,6.7445,20,,0.5
Si,0.0,29.0,0.0,10.0,,60.0,62.0,587.9540874699132,6.753000000000001,20,,1.0
Si,0.0,29.0,0.0,10.0,,59.5,62.0,592.448984897745,6.761500000000001,20,,1.5
Si,0.0,29.0,0.0,10.0,,59.0,62.0,596.2383587173751,6.7700000000000005,20,,2.0
Si,0.0,29.0,0.0,10.0,,58.5,62.0,599.576864071597,6.778500000000001,20,,2.5
Si,0.0,29.0,0.0,10.0,,58.0,62.0,602.5951036212908,6.787000000000001,20,,3.0
Si,0.0,29.0,0.0,10.0,,57.5,62.0,605.3706613376527,6.7955000000000005,20,,3.5
Si,0.0,29.0,0.0,10.0,,57.0,62.0,607.9540874699132,6.804,20,,4.0
Si,0.0,29.0,0.0,10.0,,56.5,62.0,610.3804943411061,6.812500000000001,20,,4.5
Si,0.0,29.0,0.0,10.0,,56.0,62.0,612.675447019909,6.821000000000001,20,,5.0
Si,0.0,29.0,0.0,10.0,,55.5,62.0,614.8582450681475,6.8295,20,,5.5
Si,0.0,29.0,0.0,10.0,,55.0,62.0,616.9438823255769,6.838000000000001,20,,6.0
Si,0.0,29.0,0.0,10.0,,54.5,62.0,618.9442826058411,6.846500000000001,20,,6.5
Si,0.0,29.0,0.0,10.0,,54.0,62.0,620.869113691205,6.855,20,,7.0
Si,0.0,29.0,0.0,10.0,,53.5,62.0,622.7263432204298,6.863500000000001,20,,7.5
Si,0.0,29.0,0.0,10.0,,53.0,62.0,624.522629964837,6.872000000000001,20,,8.0
Si,0.0,29.0,0.0,10.0,,52.5,62.0,626.2636064183663,6.8805000000000005,20,,8.5
Si,0.0,29.0,0.0,10.0,,52.0,62.0,627.9540874699132,6.889,20,,9.0
Si,0.0,29.0,0.0,10.0,,51.5,62.0,629.598227499603,6.897500000000001,20,,9.5
Si,0.0,29.0,0.0,10.0,,51.0,62.0,631.1996406732808,6.906000000000001,20,,10.0
Si,0.0,29.0,0.0,10.5,,60.5,63.65,577.3252101541793,6.9365,20,,0.0
Si,0.0,29.0,0.0,10.5,,60.0,63.65,591.4673457779103,6.944999999999999,20,,0.5
Si,0.0,29.0,0.0,10.5,,59.5,63.65,597.3252101541793,6.9535,20,,1.0
Si,0.0,29.0,0.0,10.5,,59.0,63.65,601.8201075820111,6.962,20,,1.5
Si,0.0,29.0,0.0,10.5,,58.5,63.65,605.6094814016412,6.9704999999999995,20,,2.0
Si,0.0,29.0,0.0,10.5,,58.0,63.65,608.9479867558631,6.979,20,,2.5
Si,0.0,29.0,0.0,10.5,,57.5,63.65,611.9662263055569,6.9875,20,,3.0
Si,0.0,29.0,0.0,10.5,,57.0,63.65,614.7417840219188,6.9959999999999996,20,,3.5
Si,0.0,29.0,0.0,10.5,,56.5,63.65,617.3252101541793,7.004499999999999,20,,4.0
Si,0.0,29.0,0.0,10.5,,56.0,63.65,619.7516170253722,7.013,20,,4.5
Si,0.0,29.0,0.0,10.5,,55.5,63.65,622.0465697041751,7.0215,20,,5.0
Si,0.0,29.0,0.0,10.5,,55.0,63.65,624.2293677524136,7.029999999999999,20,,5.5
Si,0.0,29.0,0.0,10.5,,54.5,63.65,626.3150050098429,7.0385,20,,6.0
Si,0.0,29.0,0.0,10.5,,54.0,63.65,628.3154052901072,7.047,20,,6.5
Si,0.0,29.0,0.0,10.5,,53.5,63.65,630.2402363754711,7.055499999999999,20,,7.0
Si,0.0,29.0,0.0,10.5,,53.0,63.65,632.0974659046959,7.064,20,,7.5
Si,0.0,29.0,0.0,10.5,,52.5,63.65,633.8937526491031,7.0725,20,,8.0
Si,0.0,29.0,0.0,10.5,,52.0,63.65,635.6347291026324,7.0809999999999995,20,,8.5
Si,0.0,29.0,0.0,10.5,,51.5,63.65,637.3252101541793,7.089499999999999,20,,9.0
Si,0.0,29.0,0.0,10.5,,51.0,63.65,638.9693501838691,7.098,20,,9.5
Si,0.0,29.0,0.0,10.5,,50.5,63.65,640.5707633575469,7.1065,20,,10.0
